"CD_AnnotatedMembers","CD_AnnotatedMembers_Overlap","CD_AnnotatedMembers_Pvalue","CD_AnnotatedMembers_Size","CD_CommunityName","CD_Labeled","CD_MemberList","CD_MemberList_LogSize","CD_MemberList_Size","name","selected","shared name"
"","0.0","0.0","0","","false","8014 8015","1.0","2","C7586","false","C7586"
"","0.0","0.0","0","","false","7981 7982","1.0","2","C7585","false","C7585"
"","0.0","0.0","0","","false","7972 7973","1.0","2","C7584","false","C7584"
"","0.0","0.0","0","","false","7494 7495","1.0","2","C7583","false","C7583"
"","0.0","0.0","0","","false","7194 7195","1.0","2","C7582","false","C7582"
"","0.0","0.0","0","","false","7190 7191","1.0","2","C7581","false","C7581"
"","0.0","0.0","0","","false","6266 6267","1.0","2","C7580","false","C7580"
"","0.0","0.0","0","","false","6258 6259","1.0","2","C7579","false","C7579"
"","0.0","0.0","0","","false","6100 6101","1.0","2","C7578","false","C7578"
"","0.0","0.0","0","","false","6089 6090","1.0","2","C7577","false","C7577"
"","0.0","0.0","0","","false","6002 6025","1.0","2","C7576","false","C7576"
"","0.0","0.0","0","","false","5970 5971","1.0","2","C7575","false","C7575"
"","0.0","0.0","0","","false","5766 5767","1.0","2","C7574","false","C7574"
"","0.0","0.0","0","","false","5678 5679","1.0","2","C7573","false","C7573"
"","0.0","0.0","0","","false","5413 5414","1.0","2","C7572","false","C7572"
"","0.0","0.0","0","","false","4540 4541","1.0","2","C7571","false","C7571"
"","0.0","0.0","0","","false","4167 4168","1.0","2","C7570","false","C7570"
"","0.0","0.0","0","","false","3244 3245","1.0","2","C7569","false","C7569"
"","0.0","0.0","0","","false","3194 3195","1.0","2","C7568","false","C7568"
"","0.0","0.0","0","","false","2304 2305","1.0","2","C7567","false","C7567"
"","0.0","0.0","0","","false","3825 988","1.0","2","C7566","false","C7566"
"","0.0","0.0","0","","false","1971 766","1.0","2","C7565","false","C7565"
"","0.0","0.0","0","","false","5531 6054","1.0","2","C7564","false","C7564"
"","0.0","0.0","0","","false","1058 784","1.0","2","C7563","false","C7563"
"","0.0","0.0","0","","false","36 4303","1.0","2","C7562","false","C7562"
"","0.0","0.0","0","","false","1374 2739","1.0","2","C7561","false","C7561"
"","0.0","0.0","0","","false","4948 5388","1.0","2","C7560","false","C7560"
"","0.0","0.0","0","","false","3457 3609 4583","1.585","3","C7559","false","C7559"
"","0.0","0.0","0","","false","4669 5800 938","1.585","3","C7558","false","C7558"
"","0.0","0.0","0","","false","2356 2690 3258","1.585","3","C7557","false","C7557"
"","0.0","0.0","0","","false","1001 1002 789","1.585","3","C7556","false","C7556"
"","0.0","0.0","0","","false","319 5075 692","1.585","3","C7555","false","C7555"
"","0.0","0.0","0","","false","4045 4047 4521","1.585","3","C7554","false","C7554"
"","0.0","0.0","0","","false","8074 8075 8076","1.585","3","C7553","false","C7553"
"","0.0","0.0","0","","false","7465 7466 7467","1.585","3","C7552","false","C7552"
"","0.0","0.0","0","","false","7031 7032 7033","1.585","3","C7551","false","C7551"
"","0.0","0.0","0","","false","2713 4170 4171","1.585","3","C7550","false","C7550"
"","0.0","0.0","0","","false","2424 2425 311","1.585","3","C7549","false","C7549"
"","0.0","0.0","0","","false","1098 6958 7060","1.585","3","C7548","false","C7548"
"","0.0","0.0","0","","false","1549 6609 6965","1.585","3","C7547","false","C7547"
"","0.0","0.0","0","","false","1151 1994 1996","1.585","3","C7546","false","C7546"
"","0.0","0.0","0","","false","3452 4316 4987","1.585","3","C7545","false","C7545"
"","0.0","0.0","0","","false","2485 3746 3753","1.585","3","C7544","false","C7544"
"","0.0","0.0","0","","false","3032 4470 4471","1.585","3","C7543","false","C7543"
"","0.0","0.0","0","","false","457 7034 7957","1.585","3","C7542","false","C7542"
"","0.0","0.0","0","","false","3613 3614 3616","1.585","3","C7541","false","C7541"
"","0.0","0.0","0","","false","1730 2096 425","1.585","3","C7540","false","C7540"
"","0.0","0.0","0","","false","122 4320 4414 4417","2.0","4","C7539","false","C7539"
"","0.0","0.0","0","","false","4333 5397 5398 5412","2.0","4","C7538","false","C7538"
"","0.0","0.0","0","","false","3447 5011 5505 5506","2.0","4","C7537","false","C7537"
"","0.0","0.0","0","","false","3456 5172 5421 5542","2.0","4","C7536","false","C7536"
"","0.0","0.0","0","","false","4096 4097 4100 825","2.0","4","C7535","false","C7535"
"","0.0","0.0","0","","false","2660 3262 3805 3807","2.0","4","C7534","false","C7534"
"","0.0","0.0","0","","false","2688 5468 5513 5514","2.0","4","C7533","false","C7533"
"","0.0","0.0","0","","false","2126 2131 2132 993","2.0","4","C7532","false","C7532"
"","0.0","0.0","0","","false","4966 5002 6727 6728","2.0","4","C7531","false","C7531"
"","0.0","0.0","0","","false","2256 3038 3042 3043","2.0","4","C7530","false","C7530"
"","0.0","0.0","0","","false","1472 2281 907 996","2.0","4","C7529","false","C7529"
"","0.0","0.0","0","","false","4896 6081 6083 68","2.0","4","C7528","false","C7528"
"","0.0","0.0","0","","false","2565 3353 4328 5910 7065","2.322","5","C7527","false","C7527"
"","0.0","0.0","0","","false","2841 4611 5695 5698 72","2.322","5","C7526","false","C7526"
"","0.0","0.0","0","","false","2125 2145 2194 4486 5726","2.322","5","C7525","false","C7525"
"","0.0","0.0","0","","false","6687 6688 6689 6690 6691","2.322","5","C7524","false","C7524"
"","0.0","0.0","0","","false","1958 1959 1960 1963 24","2.322","5","C7523","false","C7523"
"","0.0","0.0","0","","false","5697 6960 6961 6962 6963","2.322","5","C7522","false","C7522"
"","0.0","0.0","0","","false","1972 5805 5827 6501 6504","2.322","5","C7521","false","C7521"
"","0.0","0.0","0","","false","4144 4795 5089 6328 6366","2.322","5","C7520","false","C7520"
"","0.0","0.0","0","","false","2970 2971 2972 7732 7734","2.322","5","C7519","false","C7519"
"","0.0","0.0","0","","false","2871 3749 4427 4439 4444 4445","2.585","6","C7518","false","C7518"
"","0.0","0.0","0","","false","1000 1781 1782 3153 3154 59","2.585","6","C7517","false","C7517"
"","0.0","0.0","0","","false","2727 2958 3375 4135 4296 4299","2.585","6","C7516","false","C7516"
"","0.0","0.0","0","","false","2297 2898 3382 3383 3384 3385","2.585","6","C7515","false","C7515"
"","0.0","0.0","0","","false","3453 3542 4880 5057 5058 5471","2.585","6","C7514","false","C7514"
"","0.0","0.0","0","","false","3313 3631 4026 4238 7184 7187","2.585","6","C7513","false","C7513"
"","0.0","0.0","0","","false","11 429 486 8286 837 839","2.585","6","C7512","false","C7512"
"","0.0","0.0","0","","false","3795 3796 3797 5183 5186 5192","2.585","6","C7511","false","C7511"
"","0.0","0.0","0","","false","1792 2055 2752 2753 2754 801","2.585","6","C7510","false","C7510"
"","0.0","0.0","0","","false","5079 5145 5587 5588 7844 7848","2.585","6","C7509","false","C7509"
"","0.0","0.0","0","","false","4824 5289 5290 5291 5310 7501 7503","2.807","7","C7508","false","C7508"
"","0.0","0.0","0","","false","1608 2163 2172 2175 2407 2418 332","2.807","7","C7507","false","C7507"
"","0.0","0.0","0","","false","2691 3568 4098 4321 5594 5595 5757","2.807","7","C7506","false","C7506"
"","0.0","0.0","0","","false","2398 2808 5607 5609 5610 5611 5613","2.807","7","C7505","false","C7505"
"","0.0","0.0","0","","false","1769 3801 3803 4969 4971 4972 5526","2.807","7","C7504","false","C7504"
"","0.0","0.0","0","","false","4099 4375 5685 5687 5688 6477 6478","2.807","7","C7503","false","C7503"
"","0.0","0.0","0","","false","2003 2217 3276 3589 3681 3785 5631","2.807","7","C7502","false","C7502"
"","0.0","0.0","0","","false","1795 2819 3439 4213 4360 4362 4365","2.807","7","C7501","false","C7501"
"","0.0","0.0","0","","false","2576 3436 3437 3438 3440 3444 5717","2.807","7","C7500","false","C7500"
"","0.0","0.0","0","","false","1157 3620 3621 3622 4304 4305 4306","2.807","7","C7499","false","C7499"
"","0.0","0.0","0","","false","3925 4980 6197 6273 6275 6276 8295","2.807","7","C7498","false","C7498"
"","0.0","0.0","0","","false","2612 2900 3044 3143 3199 4215 4358","2.807","7","C7497","false","C7497"
"","0.0","0.0","0","","false","3449 4929 5120 5416 5417 5477 5480","2.807","7","C7496","false","C7496"
"","0.0","0.0","0","","false","2474 3246 3247 3248 3249 3311 633","2.807","7","C7495","false","C7495"
"","0.0","0.0","0","","false","2775 4526 4832 4991 5018 5785 5786","2.807","7","C7494","false","C7494"
"","0.0","0.0","0","","false","1537 1574 1575 1729 1754 2028 3075","2.807","7","C7493","false","C7493"
"","0.0","0.0","0","","false","737 7522 7523 7524 7525 7729 7730","2.807","7","C7492","false","C7492"
"","0.0","0.0","0","","false","1210 2076 2167 2168 2663 2672 350","2.807","7","C7491","false","C7491"
"","0.0","0.0","0","","false","1166 1323 2007 2401 2402 3602 900","2.807","7","C7490","false","C7490"
"","0.0","0.0","0","","false","1199 1242 1496 1677 1736 1739 1740 1741","3.0","8","C7489","false","C7489"
"","0.0","0.0","0","","false","1606 1679 3123 3279 3291 3292 3294 4248","3.0","8","C7488","false","C7488"
"","0.0","0.0","0","","false","1990 3125 3709 4062 4063 4141 4352 4503","3.0","8","C7487","false","C7487"
"","0.0","0.0","0","","false","2254 2338 2498 2504 2543 2546 2551 3434","3.0","8","C7486","false","C7486"
"","0.0","0.0","0","","false","2276 3643 4073 4189 4298 4957 6028 6042","3.0","8","C7485","false","C7485"
"","0.0","0.0","0","","false","2277 2883 3897 5435 5562 5801 7255 8175","3.0","8","C7484","false","C7484"
"","0.0","0.0","0","","false","2324 2693 2941 3252 3549 3653 3654 3657","3.0","8","C7483","false","C7483"
"","0.0","0.0","0","","false","1694 1695 1696 1698 1699 1701 6219 6723","3.0","8","C7482","false","C7482"
"","0.0","0.0","0","","false","2064 2066 4128 4190 4194 4195 4236 4237","3.0","8","C7481","false","C7481"
"","0.0","0.0","0","","false","1134 179 2164 304 341 761 914 987 989","3.17","9","C7480","false","C7480"
"","0.0","0.0","0","","false","2697 3108 3146 3147 4055 4125 4163 4165 4166","3.17","9","C7479","false","C7479"
"","0.0","0.0","0","","false","1837 2371 2434 2960 2961 2962 2963 2986 3174","3.17","9","C7478","false","C7478"
"","0.0","0.0","0","","false","173 1765 1844 1845 1846 1849 1852 1853 1983","3.17","9","C7477","false","C7477"
"","0.0","0.0","0","","false","3334 4705 4855 4881 7427 7428 7429 7430 7431","3.17","9","C7476","false","C7476"
"","0.0","0.0","0","","false","134 187 265 600 601 676 677 760 767","3.17","9","C7475","false","C7475"
"","0.0","0.0","0","","false","1918 2411 2791 2904 2957 3078 3102 3104 3765","3.17","9","C7474","false","C7474"
"","0.0","0.0","0","","false","2594 2831 3290 3339 3341 3342 3344 5535 5537","3.17","9","C7473","false","C7473"
"","0.0","0.0","0","","false","1236 1424 1478 1588 1589 1600 1602 1603 948","3.17","9","C7472","false","C7472"
"","0.0","0.0","0","","false","182 327 424 43 693 694 851 855 857","3.17","9","C7471","false","C7471"
"","0.0","0.0","0","","false","1200 1690 1692 2053 2866 2876 2877 2929 2930","3.17","9","C7470","false","C7470"
"","0.0","0.0","0","","false","5399 5658 6029 6038 6039 7087 7698 7699 886","3.17","9","C7469","false","C7469"
"","0.0","0.0","0","","false","2651 3039 3260 3312 3314 3318 3954 3963 3964","3.17","9","C7468","false","C7468"
"","0.0","0.0","0","","false","5788 5802 5824 5830 6447 6491 6705 6749 7875","3.17","9","C7467","false","C7467"
"","0.0","0.0","0","","false","4443 4675 4733 4735 4736 4738 4740 4742 4744 4745","3.322","10","C7466","false","C7466"
"","0.0","0.0","0","","false","7502 7545 7546 7549 7550 7553 8061 8193 8214 8238","3.322","10","C7465","false","C7465"
"","0.0","0.0","0","","false","2774 5269 6017 625 6347 6348 6349 6350 6818 6819","3.322","10","C7464","false","C7464"
"","0.0","0.0","0","","false","2415 4319 5484 5548 5554 5555 6905 6908 6909 6910","3.322","10","C7463","false","C7463"
"","0.0","0.0","0","","false","1133 3451 3767 4254 4311 4385 4403 4822 4830 4831","3.322","10","C7462","false","C7462"
"","0.0","0.0","0","","false","1305 4588 4663 4681 4756 4853 4889 4890 4891 4942","3.322","10","C7461","false","C7461"
"","0.0","0.0","0","","false","1522 2334 2335 2336 2337 2339 3467 3468 3471 3473","3.322","10","C7460","false","C7460"
"","0.0","0.0","0","","false","1063 3978 4717 4764 5273 5818 6837 6876 6877 6878","3.322","10","C7459","false","C7459"
"","0.0","0.0","0","","false","1297 1488 2382 3306 3374 3376 3727 3730 3733 5873","3.322","10","C7458","false","C7458"
"","0.0","0.0","0","","false","1004 3881 4335 4935 5267 5532 5669 5670 6301 6302","3.322","10","C7457","false","C7457"
"","0.0","0.0","0","","false","3460 4211 4662 4683 4751 5081 5083 5084 5352 5353","3.322","10","C7456","false","C7456"
"","0.0","0.0","0","","false","1550 1596 1611 2056 2057 2058 2560 2980 2982 4012","3.322","10","C7455","false","C7455"
"","0.0","0.0","0","","false","1248 1373 1584 1585 1587 1646 2061 2766 2767 699","3.322","10","C7454","false","C7454"
"","0.0","0.0","0","","false","2564 3873 5166 5561 5563 6240 6895 6896 6897 6928","3.322","10","C7453","false","C7453"
"","0.0","0.0","0","","false","2619 3317 3392 3519 3661 3800 3961 3971 4357 4359","3.322","10","C7452","false","C7452"
"","0.0","0.0","0","","false","113 1503 1554 1558 1559 1563 5072 5194 5751 5752","3.322","10","C7451","false","C7451"
"","0.0","0.0","0","","false","1215 1357 1734 2615 2987 3111 3128 3129 3130 4954","3.322","10","C7450","false","C7450"
"","0.0","0.0","0","","false","1775 1777 1981 2613 2686 2799 3520 3536 3558 3625","3.322","10","C7449","false","C7449"
"","0.0","0.0","0","","false","1709 2161 2409 308 412 838 843 844 845 847","3.322","10","C7448","false","C7448"
"","0.0","0.0","0","","false","1498 4488 5276 5955 6123 6568 7170 7403 7404 7650","3.322","10","C7447","false","C7447"
"","0.0","0.0","0","","false","2906 2907 2910 3352 3663 4761 4762 4763 4766 4771","3.322","10","C7446","false","C7446"
"","0.0","0.0","0","","false","1003 1230 1822 1862 1880 1899 1921 290 3025 3066","3.322","10","C7445","false","C7445"
"","0.0","0.0","0","","false","1982 5741 6990 7409 7644 7645 7646 8088 8089 8213","3.322","10","C7444","false","C7444"
"","0.0","0.0","0","","false","2379 3200 3483 3615 3817 3855 3883 4228 4231 4233","3.322","10","C7443","false","C7443"
"","0.0","0.0","0","","false","1100 1474 180 2049 2657 3567 3725 3757 3758 3759 3760","3.459","11","C7442","false","C7442"
"","0.0","0.0","0","","false","149 151 336 376 406 597 598 599 636 683 684","3.459","11","C7441","false","C7441"
"","0.0","0.0","0","","false","2547 2949 3229 3230 3231 3232 3234 3235 6230 6406 6407","3.459","11","C7440","false","C7440"
"","0.0","0.0","0","","false","3028 3271 3766 3880 4684 5146 6475 6683 6684 6685 6686","3.459","11","C7439","false","C7439"
"","0.0","0.0","0","","false","172 2267 2268 2269 2270 2273 743 832 876 877 878","3.459","11","C7438","false","C7438"
"","0.0","0.0","0","","false","2621 4665 5189 5285 5305 5312 5391 5566 5840 5841 5842","3.459","11","C7437","false","C7437"
"","0.0","0.0","0","","false","1385 3688 3777 4405 4407 4408 4413 5232 5238 5261 5265","3.459","11","C7436","false","C7436"
"","0.0","0.0","0","","false","1467 2516 2858 3664 3998 4291 4502 5109 5112 5154 6009","3.459","11","C7435","false","C7435"
"","0.0","0.0","0","","false","1463 1645 1648 1653 1654 2264 249 2757 2857 4909 872","3.459","11","C7434","false","C7434"
"","0.0","0.0","0","","false","1706 1767 2114 2678 3239 3446 3512 3834 3836 3837 3882","3.459","11","C7433","false","C7433"
"","0.0","0.0","0","","false","2967 4085 4086 4363 4449 4450 4451 4452 4453 4492 4510","3.459","11","C7432","false","C7432"
"","0.0","0.0","0","","false","4232 4560 4561 4828 5116 5665 5961 5991 6088 6091 6092","3.459","11","C7431","false","C7431"
"","0.0","0.0","0","","false","1470 1658 1789 1857 1914 1916 1917 1941 2786 2787 5035","3.459","11","C7430","false","C7430"
"","0.0","0.0","0","","false","2037 5048 5524 6066 6067 6111 6169 6854 6855 6935 6936","3.459","11","C7429","false","C7429"
"","0.0","0.0","0","","false","4673 4748 5354 5355 5361 5821 5980 6532 6590 6594 6595","3.459","11","C7428","false","C7428"
"","0.0","0.0","0","","false","3843 3958 4000 4430 4436 4607 4608 4609 4619 4620 4621","3.459","11","C7427","false","C7427"
"","0.0","0.0","0","","false","1803 3642 5207 5704 5935 5972 6130 6160 6161 6226 6235","3.459","11","C7426","false","C7426"
"","0.0","0.0","0","","false","2328 4122 4131 4132 4133 4134 4139 4143 4146 4153 4154 6940","3.585","12","C7425","false","C7425"
"","0.0","0.0","0","","false","4664 4666 4667 4668 4670 4672 4674 5571 5572 5573 7079 8043","3.585","12","C7424","false","C7424"
"","0.0","0.0","0","","false","2932 3394 3635 4249 4251 4368 4370 4372 4373 4386 4723 827","3.585","12","C7423","false","C7423"
"","0.0","0.0","0","","false","2677 4944 4992 5776 5807 5822 5998 6484 6552 6620 7082 7690","3.585","12","C7422","false","C7422"
"","0.0","0.0","0","","false","1835 2115 2502 2503 2505 2506 2509 2769 2770 2771 4057 5828","3.585","12","C7421","false","C7421"
"","0.0","0.0","0","","false","1630 1633 1821 2707 2939 3016 3017 3019 3022 3278 3668 3669","3.585","12","C7420","false","C7420"
"","0.0","0.0","0","","false","1008 1021 1025 1026 4862 6026 6626 6682 7576 7577 7581 850","3.585","12","C7419","false","C7419"
"","0.0","0.0","0","","false","4967 5067 5958 6483 6660 6661 6668 6717 6718 6720 6721 6778","3.585","12","C7418","false","C7418"
"","0.0","0.0","0","","false","2596 2623 3284 3481 3504 3867 3914 3939 5077 5240 6109 6279","3.585","12","C7417","false","C7417"
"","0.0","0.0","0","","false","1367 1812 3189 3367 3368 3369 3370 3371 3465 3506 4014 856","3.585","12","C7416","false","C7416"
"","0.0","0.0","0","","false","1147 1212 1940 2323 2429 2611 2830 2998 3003 3008 3118 3119","3.585","12","C7415","false","C7415"
"","0.0","0.0","0","","false","4602 4813 5445 5781 6461 6561 6710 6711 6713 6715 7866 967","3.585","12","C7414","false","C7414"
"","0.0","0.0","0","","false","2782 2783 2784 2785 3787 3819 3920 4093 4235 5376 5377 7197","3.585","12","C7413","false","C7413"
"","0.0","0.0","0","","false","1032 1037 1502 1505 1506 1519 1520 1655 1656 2136 2137 3253","3.585","12","C7412","false","C7412"
"","0.0","0.0","0","","false","1211 1678 1886 1891 1896 2195 2342 2344 2345 2789 2919 2938","3.585","12","C7411","false","C7411"
"","0.0","0.0","0","","false","1552 1808 2103 2106 2232 2500 2572 2577 2579 2591 2629 2796","3.585","12","C7410","false","C7410"
"","0.0","0.0","0","","false","2620 4065 4874 6118 6424 6466 6467 6468 6469 6627 7094 7394","3.585","12","C7409","false","C7409"
"","0.0","0.0","0","","false","2041 2595 3943 3944 3999 4005 4048 4049 5405 5475 5476 608","3.585","12","C7408","false","C7408"
"","0.0","0.0","0","","false","1048 1092 1674 3479 4332 455 5616 5729 5730 5731 5732 87","3.585","12","C7407","false","C7407"
"","0.0","0.0","0","","false","3381 7120 7490 7634 7683 7684 7686 7687 7695 7736 8006 8007","3.585","12","C7406","false","C7406"
"","0.0","0.0","0","","false","2905 3830 3911 4760 5185 5479 5981 6516 6760 6761 6948 6967","3.585","12","C7405","false","C7405"
"","0.0","0.0","0","","false","1376 1379 1382 3875 4285 4638 4639 4901 4960 4962 695 879","3.585","12","C7404","false","C7404"
"","0.0","0.0","0","","false","1530 4369 4632 5771 6867 7134 7153 7373 8112 8140 8141 8142 8144","3.7","13","C7403","false","C7403"
"","0.0","0.0","0","","false","2118 2119 2410 2507 2510 2555 2578 2617 2758 2794 2826 2827 765","3.7","13","C7402","false","C7402"
"","0.0","0.0","0","","false","2352 3110 3112 3113 3115 3117 3876 3878 4645 5139 5151 5152 5153","3.7","13","C7401","false","C7401"
"","0.0","0.0","0","","false","1012 1016 1017 1018 1019 2072 2097 2226 2422 2571 3101 565 787","3.7","13","C7400","false","C7400"
"","0.0","0.0","0","","false","1060 3340 3641 5024 6069 6107 6141 6142 6143 6144 6145 6147 6148","3.7","13","C7399","false","C7399"
"","0.0","0.0","0","","false","1179 127 1454 1455 1456 1458 1459 1460 1461 1464 3711 3712 3713","3.7","13","C7398","false","C7398"
"","0.0","0.0","0","","false","306 493 726 729 731 732 734 735 738 739 748 979 980","3.7","13","C7397","false","C7397"
"","0.0","0.0","0","","false","1352 1420 1780 2139 2141 2142 2143 2146 2147 2148 2150 2151 2211","3.7","13","C7396","false","C7396"
"","0.0","0.0","0","","false","1185 1644 1717 1870 1871 1873 1925 2002 2004 2165 2627 768 949","3.7","13","C7395","false","C7395"
"","0.0","0.0","0","","false","4001 4040 4219 4400 4438 4529 4678 4727 4728 4800 5385 5386 6257","3.7","13","C7394","false","C7394"
"","0.0","0.0","0","","false","2326 3530 4148 4188 4307 4340 4343 4344 4345 4346 4348 4349 4411","3.7","13","C7393","false","C7393"
"","0.0","0.0","0","","false","3227 4441 5140 6223 6248 6506 6507 6508 6509 6527 6528 6554 6570","3.7","13","C7392","false","C7392"
"","0.0","0.0","0","","false","109 2414 3932 4273 5551 5626 6216 6376 6480 6481 6787 6788 7668","3.7","13","C7391","false","C7391"
"","0.0","0.0","0","","false","2251 2299 3051 3052 3054 3056 3071 3074 3076 3259 3261 3263 3264 3265","3.807","14","C7390","false","C7390"
"","0.0","0.0","0","","false","1169 1794 2135 2225 2692 2701 2703 2912 2951 3020 3267 3288 3338 3363","3.807","14","C7389","false","C7389"
"","0.0","0.0","0","","false","2387 2592 3350 3995 4448 4587 4846 5013 5142 5299 5300 5314 5315 5576","3.807","14","C7388","false","C7388"
"","0.0","0.0","0","","false","2364 3002 3455 3522 3655 4509 4551 4741 4818 4947 5039 5040 5068 5073","3.807","14","C7387","false","C7387"
"","0.0","0.0","0","","false","5666 5932 6367 6443 6523 6560 6880 6881 6968 6969 7715 7781 7782 7783","3.807","14","C7386","false","C7386"
"","0.0","0.0","0","","false","1473 2102 3692 4338 5313 5489 5552 5606 5746 5747 5748 5764 5765 5780","3.807","14","C7385","false","C7385"
"","0.0","0.0","0","","false","4023 4934 6784 6942 7063 7128 7265 7267 7268 7269 7271 8027 8028 840","3.807","14","C7384","false","C7384"
"","0.0","0.0","0","","false","1548 1807 1874 1937 2033 3084 3190 4276 5317 5326 5510 5511 5512 5541","3.807","14","C7383","false","C7383"
"","0.0","0.0","0","","false","1253 1395 1471 1501 1535 1604 1636 1665 1666 1686 1687 1763 2499 861","3.807","14","C7382","false","C7382"
"","0.0","0.0","0","","false","1084 1132 1329 1637 1638 2748 2749 338 4117 5282 5447 5448 5449 90","3.807","14","C7381","false","C7381"
"","0.0","0.0","0","","false","2289 2811 2935 3472 4124 4252 4404 4654 4746 4973 5036 5047 5065 6311","3.807","14","C7380","false","C7380"
"","0.0","0.0","0","","false","5173 5465 6555 6622 6623 6638 6681 7146 7266 7623 7849 7850 7851 7852","3.807","14","C7379","false","C7379"
"","0.0","0.0","0","","false","1137 1309 1311 1312 1313 1354 1372 1434 1435 5141 5216 640 644 984","3.807","14","C7378","false","C7378"
"","0.0","0.0","0","","false","1247 1733 3918 5250 5431 5462 5545 5558 5559 6133 6213 6214 6215 8296","3.807","14","C7377","false","C7377"
"","0.0","0.0","0","","false","2885 2925 2956 2977 2978 3459 3466 5099 5363 6106 6165 6606 6972 7604","3.807","14","C7376","false","C7376"
"","0.0","0.0","0","","false","1320 1647 193 2659 3005 3031 3386 3550 3551 3552 3605 3606 3718 417 974","3.907","15","C7375","false","C7375"
"","0.0","0.0","0","","false","3389 5209 5210 5275 5702 5897 6049 6841 7270 7608 7933 8062 8064 8065 8066","3.907","15","C7374","false","C7374"
"","0.0","0.0","0","","false","2940 5016 5233 5950 5984 6004 6313 6315 6551 6719 6767 6782 7382 7383 7392","3.907","15","C7373","false","C7373"
"","0.0","0.0","0","","false","3478 4145 4223 4527 4843 5061 5543 5783 5846 5850 6060 6061 6063 6921 6922","3.907","15","C7372","false","C7372"
"","0.0","0.0","0","","false","3197 3256 3540 3717 3812 3815 3816 4010 4011 4034 4035 4088 4389 4538 53","3.907","15","C7371","false","C7371"
"","0.0","0.0","0","","false","1964 2374 2376 2764 2765 5578 5579 5580 5581 5583 6439 6440 6441 6621 898","3.907","15","C7370","false","C7370"
"","0.0","0.0","0","","false","3366 4175 4712 5193 5862 5936 6014 6018 6019 6022 6024 6428 6497 6498 6806","3.907","15","C7369","false","C7369"
"","0.0","0.0","0","","false","1055 1150 1466 1569 1570 1572 1581 1597 2214 3131 3132 3133 3134 3135 3136","3.907","15","C7368","false","C7368"
"","0.0","0.0","0","","false","2354 2802 3598 3788 4574 4765 4976 5343 5345 5346 5347 5348 5856 6041 6045","3.907","15","C7367","false","C7367"
"","0.0","0.0","0","","false","2440 2458 5455 5584 5612 5816 6179 6574 6575 6576 6600 6601 6602 6603 6604","3.907","15","C7366","false","C7366"
"","0.0","0.0","0","","false","3034 3049 3077 3083 3085 3086 3090 3091 3093 3094 3096 3097 3099 4644 6530","3.907","15","C7365","false","C7365"
"","0.0","0.0","0","","false","5010 5763 5814 6121 6221 6577 6666 6697 6698 6699 6703 6987 7024 7857 8058","3.907","15","C7364","false","C7364"
"","0.0","0.0","0","","false","1232 240 637 722 770 862 863 888 889 890 891 897 973 976 977","3.907","15","C7363","false","C7363"
"","0.0","0.0","0","","false","4915 5174 5200 5203 5213 5214 5215 6132 6325 6326 6781 6950 6978 6979 7931","3.907","15","C7362","false","C7362"
"","0.0","0.0","0","","false","1188 1452 1453 2365 2648 3107 3923 3924 5815 6871 7998 7999 8000 8001 8002","3.907","15","C7361","false","C7361"
"","0.0","0.0","0","","false","1778 1819 1884 1955 2282 2391 2392 2394 2395 2396 2397 3810 3811 546 820","3.907","15","C7360","false","C7360"
"","0.0","0.0","0","","false","1799 3181 3554 3666 4058 4272 4563 4576 5264 5296 5460 5461 5463 5474 5694","3.907","15","C7359","false","C7359"
"","0.0","0.0","0","","false","1007 1009 1023 1027 1038 1039 1040 4378 4380 4381 4382 4384 697 707 742 994","4.0","16","C7358","false","C7358"
"","0.0","0.0","0","","false","1614 1738 1787 1802 1804 1805 1806 1810 1811 1848 1868 215 2242 2243 3266 836","4.0","16","C7357","false","C7357"
"","0.0","0.0","0","","false","3274 4221 4483 4894 5459 5467 5540 5620 5708 5710 5711 5712 5718 6027 6225 6269","4.0","16","C7356","false","C7356"
"","0.0","0.0","0","","false","2903 3354 4282 4785 4787 4790 4791 4793 4794 4796 6319 6533 6534 6535 6536 6539","4.0","16","C7355","false","C7355"
"","0.0","0.0","0","","false","1879 2839 3965 6344 6442 6518 6885 7418 7419 7420 7422 7703 7704 7705 7706 7707","4.0","16","C7354","false","C7354"
"","0.0","0.0","0","","false","1667 2170 2544 3014 3839 3904 3905 3906 3907 4582 4615 4617 6157 6164 7696 8019","4.0","16","C7353","false","C7353"
"","0.0","0.0","0","","false","2737 3309 3656 4089 4364 4431 4649 5045 5280 5281 5283 5284 5287 5288 7192 7193","4.0","16","C7352","false","C7352"
"","0.0","0.0","0","","false","2427 4197 4257 4412 5667 5813 5823 5969 6416 6417 6695 6696 7121 7309 7310 7416","4.0","16","C7351","false","C7351"
"","0.0","0.0","0","","false","1961 3004 3378 3443 3742 3743 4504 4592 4593 4622 4623 4624 4627 4629 5133 5503","4.0","16","C7350","false","C7350"
"","0.0","0.0","0","","false","1074 1823 3842 5038 5188 5819 6170 6314 6545 6605 6632 6663 6860 8070 8071 8072","4.0","16","C7349","false","C7349"
"","0.0","0.0","0","","false","2511 3238 5839 6959 7126 7150 7172 7173 7649 7663 7664 7716 7717 7806 7821 7822 7841","4.087","17","C7348","false","C7348"
"","0.0","0.0","0","","false","1195 1521 1743 1744 1745 1746 3435 3702 3703 3704 3705 3706 3707 404 749 804 805","4.087","17","C7347","false","C7347"
"","0.0","0.0","0","","false","1138 1148 1945 242 407 409 591 618 672 673 781 782 783 785 874 875 883","4.087","17","C7346","false","C7346"
"","0.0","0.0","0","","false","1005 1068 1322 1497 1499 1551 1573 1625 1735 226 2626 2759 2761 2762 2763 293 71","4.087","17","C7345","false","C7345"
"","0.0","0.0","0","","false","2426 251 432 649 651 703 709 711 713 714 715 716 718 719 720 721 723","4.087","17","C7344","false","C7344"
"","0.0","0.0","0","","false","2680 3601 4036 4530 5150 5175 5334 5452 5454 5680 5703 5720 5721 5743 5852 5853 5854","4.087","17","C7343","false","C7343"
"","0.0","0.0","0","","false","1034 1164 1482 1495 1514 1553 1622 1816 1952 1962 1980 1988 1989 2000 2823 2824 2825","4.087","17","C7342","false","C7342"
"","0.0","0.0","0","","false","3040 3169 3576 3648 3894 4490 4491 4493 4494 4495 4497 4689 5550 583 6572 6573 762","4.087","17","C7341","false","C7341"
"","0.0","0.0","0","","false","4314 4598 5121 5301 5504 5877 5907 5909 5911 5928 6134 6135 6378 6599 6735 6738 6739","4.087","17","C7340","false","C7340"
"","0.0","0.0","0","","false","1125 1128 1140 1146 1161 1246 1266 1270 1287 663 696 708 788 791 903 930 986","4.087","17","C7339","false","C7339"
"","0.0","0.0","0","","false","3103 3402 3521 3969 4066 4473 4474 4475 4477 4478 4479 4480 4485 4876 5395 7291 7292","4.087","17","C7338","false","C7338"
"","0.0","0.0","0","","false","2059 2738 5179 6916 6980 7183 7449 7508 7642 7697 7740 7742 7930 7932 7934 7935 8090","4.087","17","C7337","false","C7337"
"","0.0","0.0","0","","false","204 2288 2290 3009 3036 3053 3202 3380 3510 3511 3513 3514 3516 3531 3547 3592 3671","4.087","17","C7336","false","C7336"
"","0.0","0.0","0","","false","2867 2889 3027 3600 4899 5009 5239 5344 5360 5428 5429 5430 5436 5438 5440 6537 6567","4.087","17","C7335","false","C7335"
"","0.0","0.0","0","","false","1359 2153 2417 6000 6479 6628 6709 7165 7166 7167 7168 7485 7486 7487 7826 7827 7828","4.087","17","C7334","false","C7334"
"","0.0","0.0","0","","false","2667 3325 3564 3565 3566 5457 5608 5638 5664 5749 5792 5899 6077 6078 6096 6149 6435","4.087","17","C7333","false","C7333"
"","0.0","0.0","0","","false","2654 3182 3183 3184 3185 3186 3187 3684 3685 3687 3689 3690 3693 3694 3695 3696 3697 3698","4.17","18","C7332","false","C7332"
"","0.0","0.0","0","","false","4310 5485 5539 5673 6044 6046 6048 6050 6051 6052 6053 6795 7929 8009 8010 8011 8012 8013","4.17","18","C7331","false","C7331"
"","0.0","0.0","0","","false","3752 580 6032 6635 6700 6701 6702 7225 7228 7294 7400 7415 7595 7599 7600 7605 7660 7662","4.17","18","C7330","false","C7330"
"","0.0","0.0","0","","false","1869 1935 2614 3508 3561 3678 3680 3821 3829 3832 3833 3844 3845 3847 3848 3849 3856 724","4.17","18","C7329","false","C7329"
"","0.0","0.0","0","","false","1365 2855 4536 4833 5136 6470 6471 6472 6616 6790 6912 6984 6995 7011 7035 7036 7037 7040","4.17","18","C7328","false","C7328"
"","0.0","0.0","0","","false","1097 1885 2052 2068 2069 2367 2471 2475 2482 2569 2570 2581 2582 2583 2584 2586 2587 920","4.17","18","C7327","false","C7327"
"","0.0","0.0","0","","false","1154 1583 1875 1922 2174 2200 2201 2202 2618 2668 2669 2676 2728 2751 2899 2924 2928 2996","4.17","18","C7326","false","C7326"
"","0.0","0.0","0","","false","1064 1542 1561 1797 1798 2283 2330 2331 2333 2423 2711 3822 6056 6057 6058 6059 6589 679","4.17","18","C7325","false","C7325"
"","0.0","0.0","0","","false","1013 1043 1044 1045 1047 1049 1070 1071 1072 1139 1218 1396 1465 176 2722 2723 2725 710 769","4.248","19","C7324","false","C7324"
"","0.0","0.0","0","","false","1028 1033 1050 1052 1053 1120 1123 1130 1131 201 372 387 641 686 823 912 956 981 998","4.248","19","C7323","false","C7323"
"","0.0","0.0","0","","false","2644 2645 4191 4334 4336 4337 4995 4996 5046 5516 5517 5518 5519 5520 5521 5522 5523 5525 5530","4.248","19","C7322","false","C7322"
"","0.0","0.0","0","","false","1613 2221 2222 2223 3109 4383 4401 4798 4799 6312 6324 6379 6380 8005 8033 8146 8147 8148 8227","4.248","19","C7321","false","C7321"
"","0.0","0.0","0","","false","2144 3496 4250 4266 4366 4459 4594 4595 4596 4597 4687 4755 4910 5995 6207 6410 6411 6412 6413","4.248","19","C7320","false","C7320"
"","0.0","0.0","0","","false","2307 2549 2585 2746 2838 2923 3024 3604 3630 3762 3840 3841 3895 3896 3912 3952 3953 3955 3997","4.248","19","C7319","false","C7319"
"","0.0","0.0","0","","false","1560 2859 3682 3763 3898 3933 3973 3980 4019 4024 4111 4173 4184 4185 4198 4331 4351 4985 778","4.248","19","C7318","false","C7318"
"","0.0","0.0","0","","false","1664 2280 2535 2807 3607 3761 3959 3979 3981 3984 3986 3987 3990 4406 5003 5005 6196 6201 6355","4.248","19","C7317","false","C7317"
"","0.0","0.0","0","","false","1035 1187 1492 1621 1985 1986 1987 2038 2212 2213 2286 2287 2341 2349 2350 2359 2360 2412 635","4.248","19","C7316","false","C7316"
"","0.0","0.0","0","","false","3722 4200 4418 4524 5744 5745 5773 6563 6981 6982 7130 7142 7144 7145 7162 7163 7174 7177 7436","4.248","19","C7315","false","C7315"
"","0.0","0.0","0","","false","1194 1196 1634 1635 1864 310 456 501 688 689 772 796 797 798 811 812 814 815 817","4.248","19","C7314","false","C7314"
"","0.0","0.0","0","","false","1607 1632 1659 1660 1661 3560 4027 4317 4322 4324 4393 4394 4396 4397 4399 4402 4481 449 4580","4.248","19","C7313","false","C7313"
"","0.0","0.0","0","","false","1041 3747 3989 4988 5309 5404 5456 5789 5790 6155 6158 6190 6771 6833 6834 6835 6836 7220 7221","4.248","19","C7312","false","C7312"
"","0.0","0.0","0","","false","3586 3679 4974 5351 5624 5782 5836 5883 5884 5886 5983 5985 5986 5987 5989 5990 6119 6168 6680","4.248","19","C7311","false","C7311"
"","0.0","0.0","0","","false","3297 4532 5070 5096 6900 6918 7026 7570 7773 7777 7778 7808 7948 7959 7960 7961 7974 7975 7976","4.248","19","C7310","false","C7310"
"","0.0","0.0","0","","false","1165 1243 1261 1462 1486 1631 1715 1716 1718 1728 1753 1755 1758 1920 1950 244 347 904 954","4.248","19","C7309","false","C7309"
"","0.0","0.0","0","","false","1369 1370 1469 2729 2730 2731 2734 3171 3755 4625 4671 4737 5396 5656 5676 5794 5838 6826 7359","4.248","19","C7308","false","C7308"
"","0.0","0.0","0","","false","1529 2368 2609 2719 2720 2875 3000 3021 3280 3296 3298 3299 3300 3302 3303 3307 3326 3351 7426","4.248","19","C7307","false","C7307"
"","0.0","0.0","0","","false","1159 2001 3786 4355 4533 5078 5336 5337 5341 5419 5495 5533 5722 5733 5735 5737 5778 6003 6005","4.248","19","C7306","false","C7306"
"","0.0","0.0","0","","false","5019 5022 5604 5692 6538 6592 6612 6765 6769 6938 6947 6949 8091 8093 8095 8096 8131 8132 99","4.248","19","C7305","false","C7305"
"","0.0","0.0","0","","false","1129 1202 1489 1555 1557 1623 1641 1642 1643 1650 1683 1684 1685 1689 1768 1861 1889 1893 870 887","4.322","20","C7304","false","C7304"
"","0.0","0.0","0","","false","2790 291 3475 3729 3902 4224 4379 4446 4466 4489 4567 4586 4661 4720 4773 4776 4778 4780 4810 4811","4.322","20","C7303","false","C7303"
"","0.0","0.0","0","","false","2369 4068 4487 4977 5006 5008 5208 5224 5225 5227 5228 5229 5230 5231 5303 5494 5496 5497 5564 5977","4.322","20","C7302","false","C7302"
"","0.0","0.0","0","","false","1198 1244 1360 1887 1897 260 285 3305 3411 3412 3469 4816 4817 4989 6192 6262 6263 6264 6265 763","4.322","20","C7301","false","C7301"
"","0.0","0.0","0","","false","5028 5201 60 6127 6665 6729 6730 6731 6732 6941 7223 7405 7492 7498 7520 7554 7569 7618 7624 7626","4.322","20","C7300","false","C7300"
"","0.0","0.0","0","","false","2689 3209 3691 4482 4686 4829 5043 5086 5087 5088 5090 5091 5092 5155 5298 5473 6856 7041 7042 7161","4.322","20","C7299","false","C7299"
"","0.0","0.0","0","","false","1601 4416 5549 5714 6108 6156 6228 6229 6356 6645 6672 6673 6674 6675 6676 6677 6678 6679 6797 6798 6800","4.392","21","C7298","false","C7298"
"","0.0","0.0","0","","false","2851 3571 5102 5103 5105 5106 5857 5922 5923 6073 6074 6227 6625 6875 6926 6927 7251 7252 7297 8166 8167","4.392","21","C7297","false","C7297"
"","0.0","0.0","0","","false","3275 3393 3410 4550 5017 5364 5400 5478 5487 5515 5569 5570 5633 5647 5648 5649 5650 5661 5682 5683 5706","4.392","21","C7296","false","C7296"
"","0.0","0.0","0","","false","1984 3976 4127 4159 4220 4458 4635 4640 4641 4721 4882 4927 5339 5644 5817 5892 5917 6252 6253 6254 6255","4.392","21","C7295","false","C7295"
"","0.0","0.0","0","","false","3585 5804 5808 5956 6006 6093 6146 6232 6271 6320 6321 6374 6375 6444 6446 6448 6505 6571 6639 6641 7204","4.392","21","C7294","false","C7294"
"","0.0","0.0","0","","false","2658 5246 5260 5393 5887 7341 7391 7648 7727 7775 7904 7919 7920 7921 7964 7965 7980 7985 8024 8068 8122 8187","4.459","22","C7293","false","C7293"
"","0.0","0.0","0","","false","3809 4116 4926 6633 6634 6636 6648 6801 7038 7050 7062 7095 8040 8042 8054 8244 8245 8252 8253 8254 8255 8256","4.459","22","C7292","false","C7292"
"","0.0","0.0","0","","false","2694 3316 4130 4885 4981 4983 5031 5032 5037 5605 6752 7019 7842 7843 7860 7862 7863 7864 8055 8056 8057 8153","4.459","22","C7291","false","C7291"
"","0.0","0.0","0","","false","1338 1346 1355 1404 1405 1406 1407 1408 1409 1410 1411 1412 1421 1759 1865 1866 1867 199 2104 22 7721 7724","4.459","22","C7290","false","C7290"
"","0.0","0.0","0","","false","4041 4395 4715 4964 5171 5316 5427 5844 5913 5978 6010 6030 6031 6033 6034 6035 6036 6037 6487 6755 6802 7243","4.459","22","C7289","false","C7289"
"","0.0","0.0","0","","false","3808 4212 4476 4777 5020 5271 5311 5350 5362 5528 5536 5565 5622 5627 5636 5645 5740 5926 6055 6278 6943 8139","4.459","22","C7288","false","C7288"
"","0.0","0.0","0","","false","1331 4864 5806 5872 5902 6415 6724 6756 6923 7109 7227 7330 7401 7417 7484 7505 7506 7509 7510 7533 7583 7913","4.459","22","C7287","false","C7287"
"","0.0","0.0","0","","false","1011 1095 1358 1547 1756 1836 2193 2233 2255 2272 2363 2385 2388 2389 2390 2399 2400 2428 588 595 859 908 959","4.524","23","C7286","false","C7286"
"","0.0","0.0","0","","false","4354 4442 4710 4743 4801 4815 4860 4867 4868 4869 4870 4871 4872 4873 4875 5097 5098 5100 6112 6113 6114 6116 6182","4.524","23","C7285","false","C7285"
"","0.0","0.0","0","","false","1993 2294 2541 2593 2630 2631 2632 2671 2673 2778 2788 2801 2817 2818 2821 2990 3048 3050 3063 3081 3082 7735 946","4.524","23","C7284","false","C7284"
"","0.0","0.0","0","","false","1820 1863 2050 2083 2306 2322 2366 2598 2633 2634 2635 2636 2637 2639 2640 2641 2642 2643 2661 2664 2665 2736 2741","4.524","23","C7283","false","C7283"
"","0.0","0.0","0","","false","1014 146 147 157 2155 2157 254 2652 2656 313 44 530 653 704 795 933 957 958 962 964 965 966 999","4.524","23","C7282","false","C7282"
"","0.0","0.0","0","","false","3176 3634 4994 5797 5803 5890 6391 6392 6393 6394 6395 6396 6397 6399 6400 6513 6514 6515 6529 6544 6546 6547 950","4.524","23","C7281","false","C7281"
"","0.0","0.0","0","","false","2480 2695 3320 3518 3562 3720 3775 3862 3949 3957 3968 3970 3977 3991 4030 4061 4064 4067 4069 4075 4080 4083 8294","4.524","23","C7280","false","C7280"
"","0.0","0.0","0","","false","2655 2969 3023 3089 3850 4006 4008 4149 4326 5937 5938 5939 5941 5942 5967 5992 5993 5994 5997 6543 662 6791 896","4.524","23","C7279","false","C7279"
"","0.0","0.0","0","","false","1833 3159 3667 4201 4202 4203 4205 4206 4207 4208 4209 4210 4240 4241 4242 4243 4244 4245 4246 4247 5598 5599 5601 5602","4.585","24","C7278","false","C7278"
"","0.0","0.0","0","","false","1296 1314 1315 1316 1317 1318 1565 1566 1691 1847 1905 1906 1907 1908 1909 1911 1913 2093 2628 813 818 819 821 822","4.585","24","C7277","false","C7277"
"","0.0","0.0","0","","false","1228 1668 2113 212 2127 2224 2419 2420 2574 2606 2610 2616 2624 2625 2682 2684 2685 275 3124 3268 3269 3273 3277 3281","4.585","24","C7276","false","C7276"
"","0.0","0.0","0","","false","5952 6414 6975 7002 7110 7151 7176 7518 7597 7609 7615 7616 7617 7619 7620 7837 7839 7945 8041 8111 8155 8157 8158 8159","4.585","24","C7275","false","C7275"
"","0.0","0.0","0","","false","1046 1160 1167 1272 1273 1274 1275 1276 1277 1278 1280 1321 1326 1335 1438 1451 1476 1494 1568 1617 1618 1793 810 971","4.585","24","C7274","false","C7274"
"","0.0","0.0","0","","false","2872 3007 3055 3127 3172 3180 3487 3488 3489 3700 3701 3750 3798 3799 3901 3903 3909 3941 3942 3966 3967 4050 4051 465","4.585","24","C7273","false","C7273"
"","0.0","0.0","0","","false","4353 5177 5262 5589 5617 5713 5754 5809 6105 6110 6200 6222 6224 6244 6246 6291 6292 6293 6294 6295 6296 6297 6304 6306","4.585","24","C7272","false","C7272"
"","0.0","0.0","0","","false","2605 2909 3658 4653 4856 5080 5184 5190 5320 5322 5387 5469 5470 5481 5507 5508 5509 5534 5623 5635 5637 5651 5659 5882","4.585","24","C7271","false","C7271"
"","0.0","0.0","0","","false","3960 3982 5110 5191 5327 5328 5329 5330 5380 5381 5390 5392 5418 5422 5423 5424 5684 5798 5965 6286 6287 6288 6337 6389","4.585","24","C7270","false","C7270"
"","0.0","0.0","0","","false","1082 2111 2171 2332 2687 2698 2700 2705 2706 2708 3030 3120 3250 3272 3319 3324 3331 3332 3335 3409 3429 3543 3548 944","4.585","24","C7269","false","C7269"
"","0.0","0.0","0","","false","1336 3764 3792 3877 398 5095 5295 5410 5772 5796 5966 6001 6747 6753 6862 6863 6864 6866 6883 6884 6886 6890 6953 6955","4.585","24","C7268","false","C7268"
"","0.0","0.0","0","","false","1142 2518 2545 2779 2780 2781 2793 5248 544 5472 6450 6451 6453 6454 6455 6457 6458 7070 7071 7072 7073 7111 7112 7114 7115","4.644","25","C7267","false","C7267"
"","0.0","0.0","0","","false","1468 1924 2456 3225 346 3835 4103 4150 4186 4434 4511 4633 4651 4757 4759 4774 4803 4804 4805 4806 4807 4808 4814 4826 4827","4.644","25","C7266","false","C7266"
"","0.0","0.0","0","","false","2381 3813 4077 4652 4725 4936 4982 5050 5085 5111 5114 5115 5119 5122 5124 5126 5127 5128 5129 5130 5132 5138 5144 5880 758","4.644","25","C7265","false","C7265"
"","0.0","0.0","0","","false","1748 2047 2433 3992 4147 4199 4222 4295 4313 4460 4461 4462 4463 4500 4516 4523 4603 4605 5600 5603 5652 5653 6519 6520 6521","4.644","25","C7264","false","C7264"
"","0.0","0.0","0","","false","1310 3537 3595 3651 3652 3794 4187 4297 4425 4428 4682 4782 4937 4938 4943 4952 4953 4963 4978 4979 4993 5060 5062 5063 5071","4.644","25","C7263","false","C7263"
"","0.0","0.0","0","","false","1271 1282 1500 1675 1944 1956 2105 2206 2340 2469 2556 2558 2561 2562 2563 2733 2776 2777 305 3193 335 5251 5252 5253 727","4.644","25","C7262","false","C7262"
"","0.0","0.0","0","","false","1796 4192 4616 5739 5871 6204 6272 6359 6398 6456 6488 6649 6736 6773 6861 6865 6869 6870 6873 6892 6901 6902 6929 6930 7245 8073","4.7","26","C7261","false","C7261"
"","0.0","0.0","0","","false","203 2065 2542 2860 2908 3001 3018 3211 3255 3395 3396 3397 3398 3399 3400 3401 3403 3405 3406 3407 3408 3509 3579 4079 4180 4181","4.7","26","C7260","false","C7260"
"","0.0","0.0","0","","false","3015 3498 4534 4837 4924 5415 5630 5750 5768 5982 6175 6176 6177 6236 6242 6251 7472 7853 8177 8178 8179 8180 8181 8182 8183 8184","4.7","26","C7259","false","C7259"
"","0.0","0.0","0","","false","4713 5384 6047 6220 6305 6436 6452 6510 6517 6525 6607 6613 6614 6617 6706 6744 6745 6746 6768 6803 6828 6829 6915 7122 7123 8297","4.7","26","C7258","false","C7258"
"","0.0","0.0","0","","false","2699 2822 3404 3417 3637 3910 4591 5029 5255 5286 5294 5323 5333 5335 5356 5357 5358 5365 5366 5367 5426 5442 5914 6281 6282 6656","4.7","26","C7257","false","C7257"
"","0.0","0.0","0","","false","15 2566 2567 2835 388 4903 4904 4906 4912 4914 4922 6178 6181 6183 6184 6185 6186 6187 6188 6191 6193 6199 6203 6205 6206 6464 8292","4.755","27","C7256","false","C7256"
"","0.0","0.0","0","","false","1135 1214 1223 1224 1225 1226 1227 1229 1231 1234 1238 1290 1298 1439 1440 1447 1578 1579 1580 16 2266 4121 587 915 921 922 978","4.755","27","C7255","false","C7255"
"","0.0","0.0","0","","false","1024 2346 3073 3210 3433 3779 4009 4415 4581 4647 4688 4706 4749 4792 4819 4820 4823 4866 4893 4931 4932 4933 4975 5000 5001 5069 7909","4.755","27","C7254","false","C7254"
"","0.0","0.0","0","","false","2110 2196 2523 2931 3545 3985 5999 6007 6013 6015 6079 6080 6485 6489 6490 6492 6493 6495 6496 6553 7316 7511 7886 7887 7888 7889 7890","4.755","27","C7253","false","C7253"
"","0.0","0.0","0","","false","1062 1193 1207 1221 1237 1245 1254 1255 1256 1257 1258 1259 1260 1268 1269 1334 1337 1340 1341 1343 1344 1345 1571 227 5832 786 816","4.755","27","C7252","false","C7252"
"","0.0","0.0","0","","false","1010 1262 1319 1442 1443 1444 1445 1446 1448 1449 1450 1582 1599 1681 1682 1712 1713 1714 1773 1774 2215 2216 2218 2219 295 314 3237","4.755","27","C7251","false","C7251"
"","0.0","0.0","0","","false","3057 3106 3639 3728 4056 4261 4692 4694 4695 4696 4697 4698 4699 4700 4701 4702 4703 4704 4707 4708 4709 4711 5052 5054 5055 5247 5249 6764","4.807","28","C7250","false","C7250"
"","0.0","0.0","0","","false","2452 3348 3355 3356 3357 3358 3359 3360 3361 3362 3662 5432 6330 6332 6333 6334 6954 6974 6985 7282 7283 7284 7285 7286 7287 7393 7831 8044","4.807","28","C7249","false","C7249"
"","0.0","0.0","0","","false","1737 2552 4604 4781 4852 4970 5178 5527 5696 5753 5787 5834 5934 5945 5960 6062 6068 6070 6075 6094 6098 6120 6124 6129 6166 6247 6339 6340","4.807","28","C7248","false","C7248"
"","0.0","0.0","0","","false","1353 1749 1783 1919 1995 1997 2149 2159 2203 2204 2210 2235 2239 2241 2246 2253 2259 2603 2604 3205 3242 3735 4015 4016 42 7218 7219 975","4.807","28","C7247","false","C7247"
"","0.0","0.0","0","","false","4626 5104 5920 6016 6064 6128 6150 6151 6202 6331 6658 6780 7020 7425 7493 7517 8023 8069 8084 8086 8087 8097 8133 8134 8135 8136 8137 8138","4.807","28","C7246","false","C7246"
"","0.0","0.0","0","","false","1946 2134 3463 3719 3782 3806 3851 3865 4013 4020 4076 4123 4136 4137 4138 4229 4255 4256 4259 4260 4263 4283 4284 4290 4292 4323 4508 6858","4.807","28","C7245","false","C7245"
"","0.0","0.0","0","","false","4129 5655 6494 6759 6920 6933 6946 7046 7064 7080 7084 7085 7440 7534 7601 7653 7666 7669 7675 7688 7797 7799 7986 7994 7995 7996 8025 8035 8130","4.858","29","C7244","false","C7244"
"","0.0","0.0","0","","false","222 2386 3092 4070 4329 4371 4429 4468 4553 4554 4555 4556 4557 4636 4797 5117 5118 5125 5135 5217 5241 5242 5243 5244 5245 5308 5930 5931 6162","4.858","29","C7243","false","C7243"
"","0.0","0.0","0","","false","1081 1083 139 191 235 241 264 267 268 271 276 309 315 318 320 322 499 502 741 792 793 799 800 802 808 829 830 835 849 902","4.907","30","C7242","false","C7242"
"","0.0","0.0","0","","false","1680 2702 3556 3673 3919 4204 4315 4547 4718 4726 4859 4898 4946 5033 5044 5195 5197 5198 5202 5204 5218 5219 5220 5221 5222 5277 5278 5368 5434 6630","4.907","30","C7241","false","C7241"
"","0.0","0.0","0","","false","1184 2278 2488 2917 3461 3603 3930 4044 4342 4377 4455 4539 4618 4631 4646 4648 4650 4658 4677 4714 4716 4719 4779 4809 4945 4950 4951 5274 5306 5895","4.907","30","C7240","false","C7240"
"","0.0","0.0","0","","false","1671 263 269 339 351 357 430 439 620 643 730 733 745 746 750 852 86 860 880 881 892 893 905 910 913 917 919 923 924 990 991","4.954","31","C7239","false","C7239"
"","0.0","0.0","0","","false","1087 2160 3270 4630 4767 4923 5160 5254 5657 5709 6298 6408 6409 6426 6427 6500 6565 6566 6608 6643 6644 6647 6650 6651 6652 6653 6654 6707 6793 6794 7149","4.954","31","C7238","false","C7238"
"","0.0","0.0","0","","false","4071 4435 4825 5051 5774 5775 6212 6383 6598 6692 7343 7376 7659 7691 7779 7792 7835 7854 7855 7873 7874 7877 7922 7923 7925 7927 7954 7955 7956 7978 7979","4.954","31","C7237","false","C7237"
"","0.0","0.0","0","","false","1915 1947 2974 2975 2976 3343 3458 3480 3526 3532 3541 3731 3771 3780 3781 3783 3784 3791 3823 3824 3870 3886 3887 3888 3889 3890 3891 3892 4897 5499 5896","4.954","31","C7236","false","C7236"
"","0.0","0.0","0","","false","2914 4786 5439 5591 5660 5799 6023 6082 6126 6218 6239 6261 6317 6327 6351 6371 6429 6430 6431 6432 6437 6462 6474 6511 7030 7154 7155 7156 7157 7158 7159 7160","5.0","32","C7235","false","C7235"
"","0.0","0.0","0","","false","434 4884 6139 6280 6734 7136 7199 7230 7236 7362 7378 7380 7381 7444 7445 7446 7447 7448 7450 7535 7536 7537 7538 7540 7610 7611 7613 7629 7630 7632 7638 7639","5.0","32","C7234","false","C7234"
"","0.0","0.0","0","","false","4037 4905 4908 4911 4913 4916 4917 4918 4919 4921 4925 7124 7125 7133 7135 7137 7138 7139 7140 8098 8099 8100 8101 8102 8103 8104 8105 8106 8108 8109 8110 8114 8115","5.044","33","C7233","false","C7233"
"","0.0","0.0","0","","false","1090 1145 1170 1171 1172 1173 1174 1175 1176 1177 1178 1180 1181 1186 2108 2355 2519 2520 2521 2522 2526 2527 2528 2529 2530 2531 2534 2536 2537 2538 2540 661 824","5.044","33","C7232","false","C7232"
"","0.0","0.0","0","","false","1291 1814 2177 2416 2476 2559 2721 2815 2901 2933 2936 2947 2950 2965 2966 2968 2991 2992 2993 2994 2995 2999 3006 3011 3012 3013 3029 3037 3047 3068 3070 8186 841","5.044","33","C7231","false","C7231"
"","0.0","0.0","0","","false","1967 2209 2252 2597 2674 2804 2842 3148 3333 3349 3377 3379 3470 3477 3486 3515 3538 3553 3577 3578 3580 3581 3582 3583 3584 3587 3610 3617 3618 3619 3708 3908 7708","5.044","33","C7230","false","C7230"
"","0.0","0.0","0","","false","2129 2298 2548 2646 2832 3144 3188 3388 3555 3645 3659 3660 3724 3917 3948 4074 4142 4152 4214 4234 4264 4289 4325 4422 4423 4424 4454 4457 4464 4465 4467 4469 4498 4783","5.087","34","C7229","false","C7229"
"","0.0","0.0","0","","false","1006 1029 1114 1144 1182 1189 1190 1192 1197 1204 1219 1220 1222 1240 1241 1252 1264 1324 1330 1391 1394 1556 1703 1704 1708 171 1710 230 701 705 803 8289 869 982","5.087","34","C7228","false","C7228"
"","0.0","0.0","0","","false","1031 128 1281 1349 1693 1707 1888 1977 2062 2081 2082 2152 2169 2179 2180 2181 2250 2260 2261 2262 2265 2291 2292 2293 2329 2351 2353 2361 2362 2380 2755 8291 873 961","5.087","34","C7227","false","C7227"
"","0.0","0.0","0","","false","1065 1066 1067 1294 1295 1332 166 2005 243 245 35 381 382 384 386 3921 3974 415 479 495 542 545 549 57 622 647 65 652 736 773 774 775 776 89","5.087","34","C7226","false","C7226"
"","0.0","0.0","0","","false","1239 2964 2981 3373 3624 3714 3814 3827 4007 4031 4038 4039 4042 4043 4078 4095 4104 4105 4106 4107 4108 4109 4110 4119 4120 4155 4162 4169 4216 4265 4267 4269 4566 698","5.087","34","C7225","false","C7225"
"","0.0","0.0","0","","false","1872 1951 2257 2413 2497 2747 2973 3010 3114 3282 3304 3482 3523 3524 3525 3528 3529 3611 3628 3629 3670 3674 3675 3676 3677 3715 3737 3744 3745 3769 3772 3774 3776 539","5.087","34","C7224","false","C7224"
"","0.0","0.0","0","","false","3665 4507 4542 4543 4544 6422 6541 6542 6762 6889 6951 6983 7386 7434 7636 7682 7771 7814 7815 7881 7885 7899 7928 7966 7968 7969 7970 7991 8038 8077 8079 8126 8145 8277","5.087","34","C7223","false","C7223"
"","0.0","0.0","0","","false","2744 3191 3390 3916 3922 4986 5176 5263 5321 5324 5342 5592 5625 5628 5629 5639 5640 5646 5674 5675 5689 5690 5691 5693 5705 5755 5756 5833 5837 5860 5962 5973 6021 6816","5.087","34","C7222","false","C7222"
"","0.0","0.0","0","","false","103 1267 1328 1968 2008 2009 2012 2013 2014 2015 2017 2019 2020 2021 2023 2024 2025 2026 2027 2029 2030 2031 2032 2034 2035 2040 2045 3226 3228 4900 66 665 666 667 931","5.129","35","C7221","false","C7221"
"","0.0","0.0","0","","false","1126 1390 181 185 188 189 190 194 195 196 198 200 206 207 210 214 2296 2300 2301 2302 2844 2861 2862 2863 2864 2865 2868 2869 2870 2879 2880 2881 2882 2884 2902","5.129","35","C7220","false","C7220"
"","0.0","0.0","0","","false","1111 1115 1333 1368 1432 1697 1711 1742 1809 1855 1856 1859 1860 1876 1890 1923 1926 1927 1928 1929 1930 1931 1932 1933 1934 1938 1939 2051 2187 2188 2189 2190 2191 572 712","5.129","35","C7219","false","C7219"
"","0.0","0.0","0","","false","1078 1085 1086 1088 1089 1152 1292 1351 1361 1362 1397 1398 1399 1400 1401 1402 1539 1540 1541 1543 1545 1546 1651 1652 2060 208 209 256 259 283 553 579 626 706 771 780","5.17","36","C7218","false","C7218"
"","0.0","0.0","0","","false","1751 2508 2524 3168 3196 3391 3441 3527 3539 3544 3569 3632 3633 3636 3638 3640 3646 3647 3649 3650 3751 3802 3804 3893 3926 3927 3928 3929 3931 3935 3936 3937 3945 3946 3947 4021","5.17","36","C7217","false","C7217"
"","0.0","0.0","0","","false","4059 4437 4456 4496 5015 5199 5760 6097 6299 6671 6832 6971 7061 7189 7278 7295 7317 7318 7326 7327 7329 7332 7333 7336 7337 7347 7348 7349 7351 7353 7354 7355 7360 7374 7377 7387","5.17","36","C7216","false","C7216"
"","0.0","0.0","0","","false","6243 6774 6899 6998 6999 7000 7001 7003 7004 7006 7007 7008 7009 7010 7013 7014 7015 7016 7017 7018 7021 7022 7025 7027 7028 7029 7350 7413 7414 7482 7483 7937 7938 7939 7940 7941 7942","5.209","37","C7215","false","C7215"
"","0.0","0.0","0","","false","1042 1051 1143 1183 1339 1383 1384 1387 1388 1389 1416 1590 1591 1592 1593 177 2070 2073 2109 2715 2716 2717 2718 2772 2773 3156 395 4174 4176 4177 4178 4179 423 6903 6904 968 969","5.209","37","C7214","false","C7214"
"","0.0","0.0","0","","false","1342 1480 1564 1663 1670 1700 1764 1772 1838 1992 2054 2071 2120 2121 2128 2156 2173 2178 2205 2227 2343 2357 2478 2501 2580 2589 2607 2638 2647 2649 2650 2670 2675 2709 2797 2798 764 8290","5.248","38","C7213","false","C7213"
"","0.0","0.0","0","","false","1419 1705 1790 1991 2077 2133 2186 237 2375 2472 2473 2557 2599 2608 2740 2768 2792 2803 2805 2809 2813 2814 2828 2833 2834 2840 2913 2916 2918 2921 2922 2926 2944 2945 2946 2979 403 5793 899","5.285","39","C7212","false","C7212"
"","0.0","0.0","0","","false","1813 2760 3137 3138 3315 3448 3450 3454 3462 3464 3557 3590 3591 3956 4072 4151 4312 4327 4426 4433 4440 4528 4531 4535 4552 4558 4562 4564 4565 4568 4575 4577 4578 4584 4599 4601 4612 4613 582","5.285","39","C7211","false","C7211"
"","0.0","0.0","0","","false","1250 1766 2117 2182 2230 2231 2240 2274 2370 2372 2393 2435 2462 2484 2487 2489 2490 2491 2492 2493 2494 2495 2496 2512 2513 2514 2515 2517 2573 2575 3080 3201 3623 4225 5864 5866 5868 744 947","5.285","39","C7210","false","C7210"
"","0.0","0.0","0","","false","1381 1457 1912 2016 213 2653 2696 2985 2988 2989 3026 3059 3087 3173 3175 3192 3301 3535 3596 3597 3599 3748 3754 3854 3858 3863 3864 4183 4274 4275 4277 4278 4279 4280 4750 4752 4753 4754 4965 5026","5.322","40","C7209","false","C7209"
"","0.0","0.0","0","","false","1127 1201 1203 1205 1206 1208 1209 1213 1216 1235 1301 1302 1303 1304 1306 1307 1308 1380 1413 1418 1422 1425 1426 1427 1429 1430 1431 1436 1609 161 1616 334 4090 4091 4092 585 646 691 928 941 963","5.358","41","C7208","false","C7208"
"","0.0","0.0","0","","false","3885 4046 4217 4218 4361 5012 5811 6198 6270 6615 6619 6758 6766 6772 6789 6945 6991 7132 7185 7186 7188 7201 7203 7254 7257 7304 7306 7315 7319 7320 7323 7342 7345 7363 7371 7397 7407 7423 7439 7442 7567 8020 8021 909","5.459","44","C7207","false","C7207"
"","0.0","0.0","0","","false","1020 1030 110 111 1141 228 29 312 317 321 329 340 488 614 639 650 669 670 674 682 74 794 848 865 866 867 868 882 885 895 911 918 926 927 929 932 934 940 942 943 945 951 955 972 985 992 995","5.555","47","C7206","false","C7206"
"","0.0","0.0","0","","false","1022 1155 1156 1158 1168 1233 1279 1293 1377 1423 1441 145 1481 1483 1484 1485 1490 1504 1507 1510 1511 1512 1513 1515 1516 1517 1518 1523 1524 1526 1527 1528 1531 1532 1533 1595 1676 1970 2348 2843 3105 45 717 826 871 960 970","5.555","47","C7205","false","C7205"
"","0.0","0.0","0","","false","1075 1080 1093 1094 1096 1099 1101 1102 1103 1104 1105 1106 1107 1108 1109 1110 1112 1113 1366 1375 1784 1785 1800 1825 1826 1827 1828 1829 1830 1831 1832 1834 1839 1840 1841 1842 197 2403 2404 2405 2406 2477 2479 324 3594 554 759","5.555","47","C7204","false","C7204"
"","0.0","0.0","0","","false","1079 2258 2295 3345 3445 3900 4082 4447 5093 5123 5180 5181 5182 5187 5226 5332 5382 5437 5567 5568 5577 5662 5663 5668 5707 5761 5769 5770 5784 5848 5855 5863 5885 5888 5889 5891 5903 5916 5919 5921 5924 5925 5944 5946 5947 5959 5963 5964 6152 6153","5.644","50","C7203","false","C7203"
"","0.0","0.0","0","","false","1061 1284 1285 1286 1378 1576 1639 1688 1719 1720 1721 1722 1723 1724 1725 1726 1881 1882 1883 1965 1966 1975 1976 1978 2063 2079 2130 2138 266 270 2845 2846 2847 2848 2849 2850 2852 2853 2952 2953 2954 2955 4545 634 8288 842 853 935 936 937 983","5.672","51","C7202","false","C7202"
"","0.0","0.0","0","","false","1393 1437 2116 2176 2228 2229 2234 2236 2550 2662 2683 2704 2724 2856 2948 3033 3041 3060 3061 3062 3072 3095 3098 3126 3140 3145 3149 3150 3151 3152 3155 3158 3160 3162 3163 3164 3165 3166 3167 3198 3203 3204 3206 3207 3240 3241 3243 3251 3257 3285 4569","5.672","51","C7201","false","C7201"
"","0.0","0.0","0","","false","3962 4789 4886 5590 5643 5686 5927 5933 6174 6445 6460 6502 6596 6657 6993 7012 7164 7253 7279 7480 7481 7588 7701 7765 7768 7769 7770 7818 7829 7840 7867 7868 7869 7870 7871 7878 7879 7882 7883 7884 7910 7911 7912 7914 7915 7916 7944 7946 7949 7950 7952","5.672","51","C7200","false","C7200"
"","0.0","0.0","0","","false","2192 3499 3683 4318 469 4739 5446 5501 5988 6071 6180 6779 6914 7044 7131 7175 7179 7180 7181 7372 7451 7452 7453 7454 7456 7457 7458 7459 7461 7462 7468 7469 7470 7471 7473 7474 7476 7477 7478 7512 7625 7780 7790 7800 7801 7802 7803 7804 7805 7891 7892 7893 7894","5.728","53","C7199","false","C7199"
"","0.0","0.0","0","","false","1356 136 1493 1762 4883 5196 5596 5829 5943 6208 6217 6323 6346 6377 6381 6387 6388 6421 6522 6526 6670 6725 6726 6751 6757 6770 6775 6776 6777 6783 6805 6807 6808 6809 6810 6811 6812 6813 6815 6821 6822 6824 6840 6842 6843 6844 6845 6846 6847 6850 6852 6996 6997","5.728","53","C7198","false","C7198"
"","0.0","0.0","0","","false","1124 1299 1350 1386 1392 1428 1433 1487 1525 1534 1536 1538 1594 1605 1610 1615 1619 1620 1626 1627 1628 1629 1649 1657 1662 1669 1672 1731 1732 1747 1752 1757 1760 1761 1770 1771 1788 1791 1858 1892 1894 1895 1900 1901 1902 1903 1953 1969 1973 1979 2679 298 316 559 575 64 916","5.833","57","C7197","false","C7197"
"","0.0","0.0","0","","false","138 150 178 20 205 224 246 255 280 282 296 345 371 383 399 405 416 438 440 441 555 556 557 558 560 562 563 564 567 568 569 571 573 574 592 605 606 607 615 624 627 628 632 638 642 645 648 657 658 659 668 675 700 77 806 807 864 906","5.858","58","C7196","false","C7196"
"","0.0","0.0","0","","false","1943 2285 2308 2309 2310 2311 2312 2313 2314 2315 2316 2317 2318 2319 2320 2321 2325 2467 3046 3216 3233 3321 3322 3323 3416 3418 3422 3423 3424 3425 3426 3427 3490 3491 3492 3493 3494 3495 3497 3500 4025 4028 4655 4659 4660 5370 5371 5372 5373 5374 5375 6578 6579 6580 6581 6582 6583 6584 6585 6586 6587 6588 8293","5.977","63","C7195","false","C7195"
"","0.0","0.0","0","","false","155 2481 3563 3723 4164 4341 4879 4887 5053 5406 5500 5544 5810 5835 6245 6316 6804 6907 6934 7052 7054 7057 7088 7090 7096 7113 7116 7129 7178 7226 7229 7232 7234 7235 7237 7239 7262 7344 7379 7441 7455 7497 7513 7514 7515 7527 7528 7529 7531 7557 7561 7563 7565 7571 7572 7580 7585 7587 7602 7647 7651 7652 7672 7673","6.0","64","C7194","false","C7194"
"","0.0","0.0","0","","false","1509 2011 2237 2384 2444 3035 3208 3212 3213 3214 3215 3217 3218 3219 3220 3221 3222 3223 3224 3686 3869 3871 3872 4053 4308 4600 4693 4821 4834 4835 4836 4838 4839 4840 4841 4842 4844 4845 4847 4848 4849 4850 4851 4854 4857 4858 4861 4863 4999 5158 5159 5161 5162 5163 5164 5167 532 5482 5483 5486 5488 5490 5491 5861 5874 5875 5876 5878 690","6.109","69","C7193","false","C7193"
"","0.0","0.0","0","","false","1059 1948 2018 2036 2042 2044 2084 2085 2086 2087 2088 2089 2090 2091 2092 2094 2095 2099 2100 2101 2112 2183 2184 2185 2197 2198 2199 2238 2244 2247 2373 2378 2437 2438 2439 2441 2442 2443 2445 2446 2447 2448 2449 2450 2451 2453 2454 2455 2457 2459 2460 2461 2463 2464 2465 2466 2470 2568 2886 2887 2888 2890 2891 2892 2893 2894 2895 2896 62 831 854","6.15","71","C7192","false","C7192"
"","0.0","0.0","0","","false","1403 2249 3346 3593 3726 3770 5059 5143 5401 5582 5949 6360 6459 6486 6503 6611 6646 6655 6714 6848 6906 6911 6913 6917 6976 6986 6994 7023 7074 7089 7098 7099 7100 7101 7103 7104 7106 7107 7108 7117 7118 7119 7127 7143 7205 7206 7210 7211 7212 7214 7215 7217 7222 7240 7241 7246 7250 7260 7273 7289 7290 7293 7296 7298 7299 7300 7301 7302 7305 7365 7491","6.15","71","C7191","false","C7191"
"","0.0","0.0","0","","false","3088 3293 3983 4126 4140 4347 4920 5064 5553 5614 5615 5738 5940 6072 6274 6423 6524 6624 6859 7233 7321 7421 7424 7564 7574 7594 7685 7774 7845 7856 7861 7900 7903 7905 7907 7908 7992 7993 8036 8037 8060 8063 8080 8081 8083 8085 8092 8118 8119 8120 8121 8124 8128 8161 8162 8163 8168 8169 8170 8171 8172 8173 8174 8189 8192 8194 8195 8196 8197 8198 8199 8202 8203 8205 8206","6.229","75","C7190","false","C7190"
"","0.0","0.0","0","","false","1191 2010 2067 3310 4398 5148 5466 5529 5671 5820 5915 6020 6043 6241 6548 6712 7005 7045 7048 7049 7051 7055 7056 7059 7092 7171 7231 7276 7277 7280 7281 7352 7390 7402 7443 7544 7579 7586 7590 7593 7598 7614 7658 7661 7670 7679 7694 7719 7726 7728 7737 7738 7741 7743 7745 7747 7750 7751 7752 7753 7754 7755 7756 7757 7758 7759 7760 7761 7762 7763 7766 7767 7788 7789 7795 7796 7809 7812 7813 7819 7830 7832 7834 7836 7953","6.409","85","C7189","false","C7189"
"","0.0","0.0","0","","false","1612 2983 3142 4409 4432 4788 4940 5378 5812 5859 5908 6307 6550 6618 6737 6924 7043 7047 7053 7086 7198 7238 7335 7357 7389 7578 7637 7665 7676 7677 7678 7720 7733 7744 7772 7791 7810 7833 7865 7901 7902 7906 7924 7967 8045 8046 8047 8048 8049 8050 8051 8052 8053 8094 8107 8149 8150 8152 8156 8165 8190 8204 8209 8211 8212 8215 8216 8219 8221 8222 8224 8225 8226 8229 8231 8232 8233 8235 8236 8237 8241 8242 8243 8246 8248 8249 8251 8260 8261 8262 8263 8264 8265 8266 8270 8271 8272 8273 8274 8275 8276","6.658","101","C7188","false","C7188"
"","0.0","0.0","0","","false","101 102 104 105 106 107 1077 108 112 114 115 116 117 118 119 120 121 123 124 125 126 1325 1327 152 158 164 18 192 211 218 292 294 297 299 307 31 32 328 333 342 352 353 364 365 367 368 400 426 444 445 447 453 454 458 460 461 462 463 467 468 472 473 476 477 480 481 489 49 490 492 494 497 498 504 506 507 509 511 513 514 515 516 517 519 520 521 522 523 524 525 527 528 529 531 534 536 540 541 543 547 548 55 550 551 552 56 561 570 576 577 578 586 67 7 728 75 751 752 753 754 755 756 76 79 81 8283 8284 8285 8287 83 91 95 98","7.055","133","C7187","false","C7187"
"","0.0","0.0","0","","false","10 100 12 129 13 130 1300 132 133 135 137 14 140 141 142 143 144 153 154 156 159 160 162 163 165 167 168 169 17 174 175 183 19 202 21 216 217 219 221 223 225 23 231 232 233 234 236 238 239 247 248 25 250 252 253 257 258 26 261 27 273 274 277 28 284 286 287 288 289 3 30 300 301 302 303 323 325 326 33 330 331 337 34 343 344 348 349 355 356 358 359 362 363 366 369 37 370 373 374 375 377 378 379 38 389 39 390 391 392 393 394 396 397 4 40 401 402 408 41 410 411 413 414 418 419 421 422 427 428 431 433 435 436 437 443 446 448 450 451 46 47 48 5 50 51 52 538 54 566 58 581 584 589 590 593 594 596 6 602 604 609 61 610 611 612 613 616 617 619 621 63 631 654 655 656 664 678 681 687 725 73 779 78 8 80 82 8282 84 85 88 9 92 93 94 96","7.607","195","C7186","false","C7186"
"","0.0","0.0","0","","false","10 100 1000 1001 1002 1003 1004 1005 1006 1007 1008 1009 101 1010 1011 1012 1013 1014 1016 1017 1018 1019 102 1020 1021 1022 1023 1024 1025 1026 1027 1028 1029 103 1030 1031 1032 1033 1034 1035 1037 1038 1039 104 1040 1041 1042 1043 1044 1045 1046 1047 1048 1049 105 1050 1051 1052 1053 1055 1058 1059 106 1060 1061 1062 1063 1064 1065 1066 1067 1068 107 1070 1071 1072 1074 1075 1077 1078 1079 108 1080 1081 1082 1083 1084 1085 1086 1087 1088 1089 109 1090 1092 1093 1094 1095 1096 1097 1098 1099 11 110 1100 1101 1102 1103 1104 1105 1106 1107 1108 1109 111 1110 1111 1112 1113 1114 1115 112 1120 1123 1124 1125 1126 1127 1128 1129 113 1130 1131 1132 1133 1134 1135 1137 1138 1139 114 1140 1141 1142 1143 1144 1145 1146 1147 1148 115 1150 1151 1152 1154 1155 1156 1157 1158 1159 116 1160 1161 1164 1165 1166 1167 1168 1169 117 1170 1171 1172 1173 1174 1175 1176 1177 1178 1179 118 1180 1181 1182 1183 1184 1185 1186 1187 1188 1189 119 1190 1191 1192 1193 1194 1195 1196 1197 1198 1199 12 120 1200 1201 1202 1203 1204 1205 1206 1207 1208 1209 121 1210 1211 1212 1213 1214 1215 1216 1218 1219 122 1220 1221 1222 1223 1224 1225 1226 1227 1228 1229 123 1230 1231 1232 1233 1234 1235 1236 1237 1238 1239 124 1240 1241 1242 1243 1244 1245 1246 1247 1248 125 1250 1252 1253 1254 1255 1256 1257 1258 1259 126 1260 1261 1262 1264 1266 1267 1268 1269 127 1270 1271 1272 1273 1274 1275 1276 1277 1278 1279 128 1280 1281 1282 1284 1285 1286 1287 129 1290 1291 1292 1293 1294 1295 1296 1297 1298 1299 13 130 1300 1301 1302 1303 1304 1305 1306 1307 1308 1309 1310 1311 1312 1313 1314 1315 1316 1317 1318 1319 132 1320 1321 1322 1323 1324 1325 1326 1327 1328 1329 133 1330 1331 1332 1333 1334 1335 1336 1337 1338 1339 134 1340 1341 1342 1343 1344 1345 1346 1349 135 1350 1351 1352 1353 1354 1355 1356 1357 1358 1359 136 1360 1361 1362 1365 1366 1367 1368 1369 137 1370 1372 1373 1374 1375 1376 1377 1378 1379 138 1380 1381 1382 1383 1384 1385 1386 1387 1388 1389 139 1390 1391 1392 1393 1394 1395 1396 1397 1398 1399 14 140 1400 1401 1402 1403 1404 1405 1406 1407 1408 1409 141 1410 1411 1412 1413 1416 1418 1419 142 1420 1421 1422 1423 1424 1425 1426 1427 1428 1429 143 1430 1431 1432 1433 1434 1435 1436 1437 1438 1439 144 1440 1441 1442 1443 1444 1445 1446 1447 1448 1449 145 1450 1451 1452 1453 1454 1455 1456 1457 1458 1459 146 1460 1461 1462 1463 1464 1465 1466 1467 1468 1469 147 1470 1471 1472 1473 1474 1476 1478 1480 1481 1482 1483 1484 1485 1486 1487 1488 1489 149 1490 1492 1493 1494 1495 1496 1497 1498 1499 15 150 1500 1501 1502 1503 1504 1505 1506 1507 1509 151 1510 1511 1512 1513 1514 1515 1516 1517 1518 1519 152 1520 1521 1522 1523 1524 1525 1526 1527 1528 1529 153 1530 1531 1532 1533 1534 1535 1536 1537 1538 1539 154 1540 1541 1542 1543 1545 1546 1547 1548 1549 155 1550 1551 1552 1553 1554 1555 1556 1557 1558 1559 156 1560 1561 1563 1564 1565 1566 1568 1569 157 1570 1571 1572 1573 1574 1575 1576 1578 1579 158 1580 1581 1582 1583 1584 1585 1587 1588 1589 159 1590 1591 1592 1593 1594 1595 1596 1597 1599 16 160 1600 1601 1602 1603 1604 1605 1606 1607 1608 1609 161 1610 1611 1612 1613 1614 1615 1616 1617 1618 1619 162 1620 1621 1622 1623 1625 1626 1627 1628 1629 163 1630 1631 1632 1633 1634 1635 1636 1637 1638 1639 164 1641 1642 1643 1644 1645 1646 1647 1648 1649 165 1650 1651 1652 1653 1654 1655 1656 1657 1658 1659 166 1660 1661 1662 1663 1664 1665 1666 1667 1668 1669 167 1670 1671 1672 1674 1675 1676 1677 1678 1679 168 1680 1681 1682 1683 1684 1685 1686 1687 1688 1689 169 1690 1691 1692 1693 1694 1695 1696 1697 1698 1699 17 1700 1701 1703 1704 1705 1706 1707 1708 1709 171 1710 1711 1712 1713 1714 1715 1716 1717 1718 1719 172 1720 1721 1722 1723 1724 1725 1726 1728 1729 173 1730 1731 1732 1733 1734 1735 1736 1737 1738 1739 174 1740 1741 1742 1743 1744 1745 1746 1747 1748 1749 175 1751 1752 1753 1754 1755 1756 1757 1758 1759 176 1760 1761 1762 1763 1764 1765 1766 1767 1768 1769 177 1770 1771 1772 1773 1774 1775 1777 1778 178 1780 1781 1782 1783 1784 1785 1787 1788 1789 179 1790 1791 1792 1793 1794 1795 1796 1797 1798 1799 18 180 1800 1802 1803 1804 1805 1806 1807 1808 1809 181 1810 1811 1812 1813 1814 1816 1819 182 1820 1821 1822 1823 1825 1826 1827 1828 1829 183 1830 1831 1832 1833 1834 1835 1836 1837 1838 1839 1840 1841 1842 1844 1845 1846 1847 1848 1849 185 1852 1853 1855 1856 1857 1858 1859 1860 1861 1862 1863 1864 1865 1866 1867 1868 1869 187 1870 1871 1872 1873 1874 1875 1876 1879 188 1880 1881 1882 1883 1884 1885 1886 1887 1888 1889 189 1890 1891 1892 1893 1894 1895 1896 1897 1899 19 190 1900 1901 1902 1903 1905 1906 1907 1908 1909 191 1911 1912 1913 1914 1915 1916 1917 1918 1919 192 1920 1921 1922 1923 1924 1925 1926 1927 1928 1929 193 1930 1931 1932 1933 1934 1935 1937 1938 1939 194 1940 1941 1943 1944 1945 1946 1947 1948 195 1950 1951 1952 1953 1955 1956 1958 1959 196 1960 1961 1962 1963 1964 1965 1966 1967 1968 1969 197 1970 1971 1972 1973 1975 1976 1977 1978 1979 198 1980 1981 1982 1983 1984 1985 1986 1987 1988 1989 199 1990 1991 1992 1993 1994 1995 1996 1997 20 200 2000 2001 2002 2003 2004 2005 2007 2008 2009 201 2010 2011 2012 2013 2014 2015 2016 2017 2018 2019 202 2020 2021 2023 2024 2025 2026 2027 2028 2029 203 2030 2031 2032 2033 2034 2035 2036 2037 2038 204 2040 2041 2042 2044 2045 2047 2049 205 2050 2051 2052 2053 2054 2055 2056 2057 2058 2059 206 2060 2061 2062 2063 2064 2065 2066 2067 2068 2069 207 2070 2071 2072 2073 2076 2077 2079 208 2081 2082 2083 2084 2085 2086 2087 2088 2089 209 2090 2091 2092 2093 2094 2095 2096 2097 2099 21 210 2100 2101 2102 2103 2104 2105 2106 2108 2109 211 2110 2111 2112 2113 2114 2115 2116 2117 2118 2119 212 2120 2121 2125 2126 2127 2128 2129 213 2130 2131 2132 2133 2134 2135 2136 2137 2138 2139 214 2141 2142 2143 2144 2145 2146 2147 2148 2149 215 2150 2151 2152 2153 2155 2156 2157 2159 216 2160 2161 2163 2164 2165 2167 2168 2169 217 2170 2171 2172 2173 2174 2175 2176 2177 2178 2179 218 2180 2181 2182 2183 2184 2185 2186 2187 2188 2189 219 2190 2191 2192 2193 2194 2195 2196 2197 2198 2199 22 2200 2201 2202 2203 2204 2205 2206 2209 221 2210 2211 2212 2213 2214 2215 2216 2217 2218 2219 222 2221 2222 2223 2224 2225 2226 2227 2228 2229 223 2230 2231 2232 2233 2234 2235 2236 2237 2238 2239 224 2240 2241 2242 2243 2244 2246 2247 2249 225 2250 2251 2252 2253 2254 2255 2256 2257 2258 2259 226 2260 2261 2262 2264 2265 2266 2267 2268 2269 227 2270 2272 2273 2274 2276 2277 2278 228 2280 2281 2282 2283 2285 2286 2287 2288 2289 2290 2291 2292 2293 2294 2295 2296 2297 2298 2299 23 230 2300 2301 2302 2304 2305 2306 2307 2308 2309 231 2310 2311 2312 2313 2314 2315 2316 2317 2318 2319 232 2320 2321 2322 2323 2324 2325 2326 2328 2329 233 2330 2331 2332 2333 2334 2335 2336 2337 2338 2339 234 2340 2341 2342 2343 2344 2345 2346 2348 2349 235 2350 2351 2352 2353 2354 2355 2356 2357 2359 236 2360 2361 2362 2363 2364 2365 2366 2367 2368 2369 237 2370 2371 2372 2373 2374 2375 2376 2378 2379 238 2380 2381 2382 2384 2385 2386 2387 2388 2389 239 2390 2391 2392 2393 2394 2395 2396 2397 2398 2399 24 240 2400 2401 2402 2403 2404 2405 2406 2407 2409 241 2410 2411 2412 2413 2414 2415 2416 2417 2418 2419 242 2420 2422 2423 2424 2425 2426 2427 2428 2429 243 2433 2434 2435 2437 2438 2439 244 2440 2441 2442 2443 2444 2445 2446 2447 2448 2449 245 2450 2451 2452 2453 2454 2455 2456 2457 2458 2459 246 2460 2461 2462 2463 2464 2465 2466 2467 2469 247 2470 2471 2472 2473 2474 2475 2476 2477 2478 2479 248 2480 2481 2482 2484 2485 2487 2488 2489 249 2490 2491 2492 2493 2494 2495 2496 2497 2498 2499 25 250 2500 2501 2502 2503 2504 2505 2506 2507 2508 2509 251 2510 2511 2512 2513 2514 2515 2516 2517 2518 2519 252 2520 2521 2522 2523 2524 2526 2527 2528 2529 253 2530 2531 2534 2535 2536 2537 2538 254 2540 2541 2542 2543 2544 2545 2546 2547 2548 2549 255 2550 2551 2552 2555 2556 2557 2558 2559 256 2560 2561 2562 2563 2564 2565 2566 2567 2568 2569 257 2570 2571 2572 2573 2574 2575 2576 2577 2578 2579 258 2580 2581 2582 2583 2584 2585 2586 2587 2589 259 2591 2592 2593 2594 2595 2596 2597 2598 2599 26 260 2603 2604 2605 2606 2607 2608 2609 261 2610 2611 2612 2613 2614 2615 2616 2617 2618 2619 2620 2621 2623 2624 2625 2626 2627 2628 2629 263 2630 2631 2632 2633 2634 2635 2636 2637 2638 2639 264 2640 2641 2642 2643 2644 2645 2646 2647 2648 2649 265 2650 2651 2652 2653 2654 2655 2656 2657 2658 2659 266 2660 2661 2662 2663 2664 2665 2667 2668 2669 267 2670 2671 2672 2673 2674 2675 2676 2677 2678 2679 268 2680 2682 2683 2684 2685 2686 2687 2688 2689 269 2690 2691 2692 2693 2694 2695 2696 2697 2698 2699 27 270 2700 2701 2702 2703 2704 2705 2706 2707 2708 2709 271 2711 2713 2715 2716 2717 2718 2719 2720 2721 2722 2723 2724 2725 2727 2728 2729 273 2730 2731 2733 2734 2736 2737 2738 2739 274 2740 2741 2744 2746 2747 2748 2749 275 2751 2752 2753 2754 2755 2757 2758 2759 276 2760 2761 2762 2763 2764 2765 2766 2767 2768 2769 277 2770 2771 2772 2773 2774 2775 2776 2777 2778 2779 2780 2781 2782 2783 2784 2785 2786 2787 2788 2789 2790 2791 2792 2793 2794 2796 2797 2798 2799 28 280 2801 2802 2803 2804 2805 2807 2808 2809 2811 2813 2814 2815 2817 2818 2819 282 2821 2822 2823 2824 2825 2826 2827 2828 283 2830 2831 2832 2833 2834 2835 2838 2839 284 2840 2841 2842 2843 2844 2845 2846 2847 2848 2849 285 2850 2851 2852 2853 2855 2856 2857 2858 2859 286 2860 2861 2862 2863 2864 2865 2866 2867 2868 2869 287 2870 2871 2872 2875 2876 2877 2879 288 2880 2881 2882 2883 2884 2885 2886 2887 2888 2889 289 2890 2891 2892 2893 2894 2895 2896 2898 2899 29 290 2900 2901 2902 2903 2904 2905 2906 2907 2908 2909 291 2910 2912 2913 2914 2916 2917 2918 2919 292 2921 2922 2923 2924 2925 2926 2928 2929 293 2930 2931 2932 2933 2935 2936 2938 2939 294 2940 2941 2944 2945 2946 2947 2948 2949 295 2950 2951 2952 2953 2954 2955 2956 2957 2958 296 2960 2961 2962 2963 2964 2965 2966 2967 2968 2969 297 2970 2971 2972 2973 2974 2975 2976 2977 2978 2979 298 2980 2981 2982 2983 2985 2986 2987 2988 2989 299 2990 2991 2992 2993 2994 2995 2996 2998 2999 3 30 300 3000 3001 3002 3003 3004 3005 3006 3007 3008 3009 301 3010 3011 3012 3013 3014 3015 3016 3017 3018 3019 302 3020 3021 3022 3023 3024 3025 3026 3027 3028 3029 303 3030 3031 3032 3033 3034 3035 3036 3037 3038 3039 304 3040 3041 3042 3043 3044 3046 3047 3048 3049 305 3050 3051 3052 3053 3054 3055 3056 3057 3059 306 3060 3061 3062 3063 3066 3068 307 3070 3071 3072 3073 3074 3075 3076 3077 3078 308 3080 3081 3082 3083 3084 3085 3086 3087 3088 3089 309 3090 3091 3092 3093 3094 3095 3096 3097 3098 3099 31 310 3101 3102 3103 3104 3105 3106 3107 3108 3109 311 3110 3111 3112 3113 3114 3115 3117 3118 3119 312 3120 3123 3124 3125 3126 3127 3128 3129 313 3130 3131 3132 3133 3134 3135 3136 3137 3138 314 3140 3142 3143 3144 3145 3146 3147 3148 3149 315 3150 3151 3152 3153 3154 3155 3156 3158 3159 316 3160 3162 3163 3164 3165 3166 3167 3168 3169 317 3171 3172 3173 3174 3175 3176 318 3180 3181 3182 3183 3184 3185 3186 3187 3188 3189 319 3190 3191 3192 3193 3194 3195 3196 3197 3198 3199 32 320 3200 3201 3202 3203 3204 3205 3206 3207 3208 3209 321 3210 3211 3212 3213 3214 3215 3216 3217 3218 3219 322 3220 3221 3222 3223 3224 3225 3226 3227 3228 3229 323 3230 3231 3232 3233 3234 3235 3237 3238 3239 324 3240 3241 3242 3243 3244 3245 3246 3247 3248 3249 325 3250 3251 3252 3253 3255 3256 3257 3258 3259 326 3260 3261 3262 3263 3264 3265 3266 3267 3268 3269 327 3270 3271 3272 3273 3274 3275 3276 3277 3278 3279 328 3280 3281 3282 3284 3285 3288 329 3290 3291 3292 3293 3294 3296 3297 3298 3299 33 330 3300 3301 3302 3303 3304 3305 3306 3307 3309 331 3310 3311 3312 3313 3314 3315 3316 3317 3318 3319 332 3320 3321 3322 3323 3324 3325 3326 333 3331 3332 3333 3334 3335 3338 3339 334 3340 3341 3342 3343 3344 3345 3346 3348 3349 335 3350 3351 3352 3353 3354 3355 3356 3357 3358 3359 336 3360 3361 3362 3363 3366 3367 3368 3369 337 3370 3371 3373 3374 3375 3376 3377 3378 3379 338 3380 3381 3382 3383 3384 3385 3386 3388 3389 339 3390 3391 3392 3393 3394 3395 3396 3397 3398 3399 34 340 3400 3401 3402 3403 3404 3405 3406 3407 3408 3409 341 3410 3411 3412 3416 3417 3418 342 3422 3423 3424 3425 3426 3427 3429 343 3433 3434 3435 3436 3437 3438 3439 344 3440 3441 3443 3444 3445 3446 3447 3448 3449 345 3450 3451 3452 3453 3454 3455 3456 3457 3458 3459 346 3460 3461 3462 3463 3464 3465 3466 3467 3468 3469 347 3470 3471 3472 3473 3475 3477 3478 3479 348 3480 3481 3482 3483 3486 3487 3488 3489 349 3490 3491 3492 3493 3494 3495 3496 3497 3498 3499 35 350 3500 3504 3506 3508 3509 351 3510 3511 3512 3513 3514 3515 3516 3518 3519 352 3520 3521 3522 3523 3524 3525 3526 3527 3528 3529 353 3530 3531 3532 3535 3536 3537 3538 3539 3540 3541 3542 3543 3544 3545 3547 3548 3549 355 3550 3551 3552 3553 3554 3555 3556 3557 3558 356 3560 3561 3562 3563 3564 3565 3566 3567 3568 3569 357 3571 3576 3577 3578 3579 358 3580 3581 3582 3583 3584 3585 3586 3587 3589 359 3590 3591 3592 3593 3594 3595 3596 3597 3598 3599 36 3600 3601 3602 3603 3604 3605 3606 3607 3609 3610 3611 3613 3614 3615 3616 3617 3618 3619 362 3620 3621 3622 3623 3624 3625 3628 3629 363 3630 3631 3632 3633 3634 3635 3636 3637 3638 3639 364 3640 3641 3642 3643 3645 3646 3647 3648 3649 365 3650 3651 3652 3653 3654 3655 3656 3657 3658 3659 366 3660 3661 3662 3663 3664 3665 3666 3667 3668 3669 367 3670 3671 3673 3674 3675 3676 3677 3678 3679 368 3680 3681 3682 3683 3684 3685 3686 3687 3688 3689 369 3690 3691 3692 3693 3694 3695 3696 3697 3698 37 370 3700 3701 3702 3703 3704 3705 3706 3707 3708 3709 371 3711 3712 3713 3714 3715 3717 3718 3719 372 3720 3722 3723 3724 3725 3726 3727 3728 3729 373 3730 3731 3733 3735 3737 374 3742 3743 3744 3745 3746 3747 3748 3749 375 3750 3751 3752 3753 3754 3755 3757 3758 3759 376 3760 3761 3762 3763 3764 3765 3766 3767 3769 377 3770 3771 3772 3774 3775 3776 3777 3779 378 3780 3781 3782 3783 3784 3785 3786 3787 3788 379 3791 3792 3794 3795 3796 3797 3798 3799 38 3800 3801 3802 3803 3804 3805 3806 3807 3808 3809 381 3810 3811 3812 3813 3814 3815 3816 3817 3819 382 3821 3822 3823 3824 3825 3827 3829 383 3830 3832 3833 3834 3835 3836 3837 3839 384 3840 3841 3842 3843 3844 3845 3847 3848 3849 3850 3851 3854 3855 3856 3858 386 3862 3863 3864 3865 3867 3869 387 3870 3871 3872 3873 3875 3876 3877 3878 388 3880 3881 3882 3883 3885 3886 3887 3888 3889 389 3890 3891 3892 3893 3894 3895 3896 3897 3898 39 390 3900 3901 3902 3903 3904 3905 3906 3907 3908 3909 391 3910 3911 3912 3914 3916 3917 3918 3919 392 3920 3921 3922 3923 3924 3925 3926 3927 3928 3929 393 3930 3931 3932 3933 3935 3936 3937 3939 394 3941 3942 3943 3944 3945 3946 3947 3948 3949 395 3952 3953 3954 3955 3956 3957 3958 3959 396 3960 3961 3962 3963 3964 3965 3966 3967 3968 3969 397 3970 3971 3973 3974 3976 3977 3978 3979 398 3980 3981 3982 3983 3984 3985 3986 3987 3989 399 3990 3991 3992 3995 3997 3998 3999 4 40 400 4000 4001 4005 4006 4007 4008 4009 401 4010 4011 4012 4013 4014 4015 4016 4019 402 4020 4021 4023 4024 4025 4026 4027 4028 403 4030 4031 4034 4035 4036 4037 4038 4039 404 4040 4041 4042 4043 4044 4045 4046 4047 4048 4049 405 4050 4051 4053 4055 4056 4057 4058 4059 406 4061 4062 4063 4064 4065 4066 4067 4068 4069 407 4070 4071 4072 4073 4074 4075 4076 4077 4078 4079 408 4080 4082 4083 4085 4086 4088 4089 409 4090 4091 4092 4093 4095 4096 4097 4098 4099 41 410 4100 4103 4104 4105 4106 4107 4108 4109 411 4110 4111 4116 4117 4119 412 4120 4121 4122 4123 4124 4125 4126 4127 4128 4129 413 4130 4131 4132 4133 4134 4135 4136 4137 4138 4139 414 4140 4141 4142 4143 4144 4145 4146 4147 4148 4149 415 4150 4151 4152 4153 4154 4155 4159 416 4162 4163 4164 4165 4166 4167 4168 4169 417 4170 4171 4173 4174 4175 4176 4177 4178 4179 418 4180 4181 4183 4184 4185 4186 4187 4188 4189 419 4190 4191 4192 4194 4195 4197 4198 4199 42 4200 4201 4202 4203 4204 4205 4206 4207 4208 4209 421 4210 4211 4212 4213 4214 4215 4216 4217 4218 4219 422 4220 4221 4222 4223 4224 4225 4228 4229 423 4231 4232 4233 4234 4235 4236 4237 4238 424 4240 4241 4242 4243 4244 4245 4246 4247 4248 4249 425 4250 4251 4252 4254 4255 4256 4257 4259 426 4260 4261 4263 4264 4265 4266 4267 4269 427 4272 4273 4274 4275 4276 4277 4278 4279 428 4280 4282 4283 4284 4285 4289 429 4290 4291 4292 4295 4296 4297 4298 4299 43 430 4303 4304 4305 4306 4307 4308 431 4310 4311 4312 4313 4314 4315 4316 4317 4318 4319 432 4320 4321 4322 4323 4324 4325 4326 4327 4328 4329 433 4331 4332 4333 4334 4335 4336 4337 4338 434 4340 4341 4342 4343 4344 4345 4346 4347 4348 4349 435 4351 4352 4353 4354 4355 4357 4358 4359 436 4360 4361 4362 4363 4364 4365 4366 4368 4369 437 4370 4371 4372 4373 4375 4377 4378 4379 438 4380 4381 4382 4383 4384 4385 4386 4389 439 4393 4394 4395 4396 4397 4398 4399 44 440 4400 4401 4402 4403 4404 4405 4406 4407 4408 4409 441 4411 4412 4413 4414 4415 4416 4417 4418 4422 4423 4424 4425 4426 4427 4428 4429 443 4430 4431 4432 4433 4434 4435 4436 4437 4438 4439 444 4440 4441 4442 4443 4444 4445 4446 4447 4448 4449 445 4450 4451 4452 4453 4454 4455 4456 4457 4458 4459 446 4460 4461 4462 4463 4464 4465 4466 4467 4468 4469 447 4470 4471 4473 4474 4475 4476 4477 4478 4479 448 4480 4481 4482 4483 4485 4486 4487 4488 4489 449 4490 4491 4492 4493 4494 4495 4496 4497 4498 45 450 4500 4502 4503 4504 4507 4508 4509 451 4510 4511 4516 4521 4523 4524 4526 4527 4528 4529 453 4530 4531 4532 4533 4534 4535 4536 4538 4539 454 4540 4541 4542 4543 4544 4545 4547 455 4550 4551 4552 4553 4554 4555 4556 4557 4558 456 4560 4561 4562 4563 4564 4565 4566 4567 4568 4569 457 4574 4575 4576 4577 4578 458 4580 4581 4582 4583 4584 4586 4587 4588 4591 4592 4593 4594 4595 4596 4597 4598 4599 46 460 4600 4601 4602 4603 4604 4605 4607 4608 4609 461 4611 4612 4613 4615 4616 4617 4618 4619 462 4620 4621 4622 4623 4624 4625 4626 4627 4629 463 4630 4631 4632 4633 4635 4636 4638 4639 4640 4641 4644 4645 4646 4647 4648 4649 465 4650 4651 4652 4653 4654 4655 4658 4659 4660 4661 4662 4663 4664 4665 4666 4667 4668 4669 467 4670 4671 4672 4673 4674 4675 4677 4678 468 4681 4682 4683 4684 4686 4687 4688 4689 469 4692 4693 4694 4695 4696 4697 4698 4699 47 4700 4701 4702 4703 4704 4705 4706 4707 4708 4709 4710 4711 4712 4713 4714 4715 4716 4717 4718 4719 472 4720 4721 4723 4725 4726 4727 4728 473 4733 4735 4736 4737 4738 4739 4740 4741 4742 4743 4744 4745 4746 4748 4749 4750 4751 4752 4753 4754 4755 4756 4757 4759 476 4760 4761 4762 4763 4764 4765 4766 4767 477 4771 4773 4774 4776 4777 4778 4779 4780 4781 4782 4783 4785 4786 4787 4788 4789 479 4790 4791 4792 4793 4794 4795 4796 4797 4798 4799 48 480 4800 4801 4803 4804 4805 4806 4807 4808 4809 481 4810 4811 4813 4814 4815 4816 4817 4818 4819 4820 4821 4822 4823 4824 4825 4826 4827 4828 4829 4830 4831 4832 4833 4834 4835 4836 4837 4838 4839 4840 4841 4842 4843 4844 4845 4846 4847 4848 4849 4850 4851 4852 4853 4854 4855 4856 4857 4858 4859 486 4860 4861 4862 4863 4864 4866 4867 4868 4869 4870 4871 4872 4873 4874 4875 4876 4879 488 4880 4881 4882 4883 4884 4885 4886 4887 4889 489 4890 4891 4893 4894 4896 4897 4898 4899 49 490 4900 4901 4903 4904 4905 4906 4908 4909 4910 4911 4912 4913 4914 4915 4916 4917 4918 4919 492 4920 4921 4922 4923 4924 4925 4926 4927 4929 493 4931 4932 4933 4934 4935 4936 4937 4938 494 4940 4942 4943 4944 4945 4946 4947 4948 495 4950 4951 4952 4953 4954 4957 4960 4962 4963 4964 4965 4966 4967 4969 497 4970 4971 4972 4973 4974 4975 4976 4977 4978 4979 498 4980 4981 4982 4983 4985 4986 4987 4988 4989 499 4991 4992 4993 4994 4995 4996 4999 5 50 5000 5001 5002 5003 5005 5006 5008 5009 501 5010 5011 5012 5013 5015 5016 5017 5018 5019 502 5020 5022 5024 5026 5028 5029 5031 5032 5033 5035 5036 5037 5038 5039 504 5040 5043 5044 5045 5046 5047 5048 5050 5051 5052 5053 5054 5055 5057 5058 5059 506 5060 5061 5062 5063 5064 5065 5067 5068 5069 507 5070 5071 5072 5073 5075 5077 5078 5079 5080 5081 5083 5084 5085 5086 5087 5088 5089 509 5090 5091 5092 5093 5095 5096 5097 5098 5099 51 5100 5102 5103 5104 5105 5106 5109 511 5110 5111 5112 5114 5115 5116 5117 5118 5119 5120 5121 5122 5123 5124 5125 5126 5127 5128 5129 513 5130 5132 5133 5135 5136 5138 5139 514 5140 5141 5142 5143 5144 5145 5146 5148 515 5150 5151 5152 5153 5154 5155 5158 5159 516 5160 5161 5162 5163 5164 5166 5167 517 5171 5172 5173 5174 5175 5176 5177 5178 5179 5180 5181 5182 5183 5184 5185 5186 5187 5188 5189 519 5190 5191 5192 5193 5194 5195 5196 5197 5198 5199 52 520 5200 5201 5202 5203 5204 5207 5208 5209 521 5210 5213 5214 5215 5216 5217 5218 5219 522 5220 5221 5222 5224 5225 5226 5227 5228 5229 523 5230 5231 5232 5233 5238 5239 524 5240 5241 5242 5243 5244 5245 5246 5247 5248 5249 525 5250 5251 5252 5253 5254 5255 5260 5261 5262 5263 5264 5265 5267 5269 527 5271 5273 5274 5275 5276 5277 5278 528 5280 5281 5282 5283 5284 5285 5286 5287 5288 5289 529 5290 5291 5294 5295 5296 5298 5299 53 530 5300 5301 5303 5305 5306 5308 5309 531 5310 5311 5312 5313 5314 5315 5316 5317 532 5320 5321 5322 5323 5324 5326 5327 5328 5329 5330 5332 5333 5334 5335 5336 5337 5339 534 5341 5342 5343 5344 5345 5346 5347 5348 5350 5351 5352 5353 5354 5355 5356 5357 5358 536 5360 5361 5362 5363 5364 5365 5366 5367 5368 5370 5371 5372 5373 5374 5375 5376 5377 5378 538 5380 5381 5382 5384 5385 5386 5387 5388 539 5390 5391 5392 5393 5395 5396 5397 5398 5399 54 540 5400 5401 5404 5405 5406 541 5410 5412 5413 5414 5415 5416 5417 5418 5419 542 5421 5422 5423 5424 5426 5427 5428 5429 543 5430 5431 5432 5434 5435 5436 5437 5438 5439 544 5440 5442 5445 5446 5447 5448 5449 545 5452 5454 5455 5456 5457 5459 546 5460 5461 5462 5463 5465 5466 5467 5468 5469 547 5470 5471 5472 5473 5474 5475 5476 5477 5478 5479 548 5480 5481 5482 5483 5484 5485 5486 5487 5488 5489 549 5490 5491 5494 5495 5496 5497 5499 55 550 5500 5501 5503 5504 5505 5506 5507 5508 5509 551 5510 5511 5512 5513 5514 5515 5516 5517 5518 5519 552 5520 5521 5522 5523 5524 5525 5526 5527 5528 5529 553 5530 5531 5532 5533 5534 5535 5536 5537 5539 554 5540 5541 5542 5543 5544 5545 5548 5549 555 5550 5551 5552 5553 5554 5555 5558 5559 556 5561 5562 5563 5564 5565 5566 5567 5568 5569 557 5570 5571 5572 5573 5576 5577 5578 5579 558 5580 5581 5582 5583 5584 5587 5588 5589 559 5590 5591 5592 5594 5595 5596 5598 5599 56 560 5600 5601 5602 5603 5604 5605 5606 5607 5608 5609 561 5610 5611 5612 5613 5614 5615 5616 5617 562 5620 5622 5623 5624 5625 5626 5627 5628 5629 563 5630 5631 5633 5635 5636 5637 5638 5639 564 5640 5643 5644 5645 5646 5647 5648 5649 565 5650 5651 5652 5653 5655 5656 5657 5658 5659 566 5660 5661 5662 5663 5664 5665 5666 5667 5668 5669 567 5670 5671 5673 5674 5675 5676 5678 5679 568 5680 5682 5683 5684 5685 5686 5687 5688 5689 569 5690 5691 5692 5693 5694 5695 5696 5697 5698 57 570 5702 5703 5704 5705 5706 5707 5708 5709 571 5710 5711 5712 5713 5714 5717 5718 572 5720 5721 5722 5726 5729 573 5730 5731 5732 5733 5735 5737 5738 5739 574 5740 5741 5743 5744 5745 5746 5747 5748 5749 575 5750 5751 5752 5753 5754 5755 5756 5757 576 5760 5761 5763 5764 5765 5766 5767 5768 5769 577 5770 5771 5772 5773 5774 5775 5776 5778 578 5780 5781 5782 5783 5784 5785 5786 5787 5788 5789 579 5790 5792 5793 5794 5796 5797 5798 5799 58 580 5800 5801 5802 5803 5804 5805 5806 5807 5808 5809 581 5810 5811 5812 5813 5814 5815 5816 5817 5818 5819 582 5820 5821 5822 5823 5824 5827 5828 5829 583 5830 5832 5833 5834 5835 5836 5837 5838 5839 584 5840 5841 5842 5844 5846 5848 585 5850 5852 5853 5854 5855 5856 5857 5859 586 5860 5861 5862 5863 5864 5866 5868 587 5871 5872 5873 5874 5875 5876 5877 5878 588 5880 5882 5883 5884 5885 5886 5887 5888 5889 589 5890 5891 5892 5895 5896 5897 5899 59 590 5902 5903 5907 5908 5909 591 5910 5911 5913 5914 5915 5916 5917 5919 592 5920 5921 5922 5923 5924 5925 5926 5927 5928 593 5930 5931 5932 5933 5934 5935 5936 5937 5938 5939 594 5940 5941 5942 5943 5944 5945 5946 5947 5949 595 5950 5952 5955 5956 5958 5959 596 5960 5961 5962 5963 5964 5965 5966 5967 5969 597 5970 5971 5972 5973 5977 5978 598 5980 5981 5982 5983 5984 5985 5986 5987 5988 5989 599 5990 5991 5992 5993 5994 5995 5997 5998 5999 6 60 600 6000 6001 6002 6003 6004 6005 6006 6007 6009 601 6010 6013 6014 6015 6016 6017 6018 6019 602 6020 6021 6022 6023 6024 6025 6026 6027 6028 6029 6030 6031 6032 6033 6034 6035 6036 6037 6038 6039 604 6041 6042 6043 6044 6045 6046 6047 6048 6049 605 6050 6051 6052 6053 6054 6055 6056 6057 6058 6059 606 6060 6061 6062 6063 6064 6066 6067 6068 6069 607 6070 6071 6072 6073 6074 6075 6077 6078 6079 608 6080 6081 6082 6083 6088 6089 609 6090 6091 6092 6093 6094 6096 6097 6098 61 610 6100 6101 6105 6106 6107 6108 6109 611 6110 6111 6112 6113 6114 6116 6118 6119 612 6120 6121 6123 6124 6126 6127 6128 6129 613 6130 6132 6133 6134 6135 6139 614 6141 6142 6143 6144 6145 6146 6147 6148 6149 615 6150 6151 6152 6153 6155 6156 6157 6158 616 6160 6161 6162 6164 6165 6166 6168 6169 617 6170 6174 6175 6176 6177 6178 6179 618 6180 6181 6182 6183 6184 6185 6186 6187 6188 619 6190 6191 6192 6193 6196 6197 6198 6199 62 620 6200 6201 6202 6203 6204 6205 6206 6207 6208 621 6212 6213 6214 6215 6216 6217 6218 6219 622 6220 6221 6222 6223 6224 6225 6226 6227 6228 6229 6230 6232 6235 6236 6239 624 6240 6241 6242 6243 6244 6245 6246 6247 6248 625 6251 6252 6253 6254 6255 6257 6258 6259 626 6261 6262 6263 6264 6265 6266 6267 6269 627 6270 6271 6272 6273 6274 6275 6276 6278 6279 628 6280 6281 6282 6286 6287 6288 6291 6292 6293 6294 6295 6296 6297 6298 6299 63 6301 6302 6304 6305 6306 6307 631 6311 6312 6313 6314 6315 6316 6317 6319 632 6320 6321 6323 6324 6325 6326 6327 6328 633 6330 6331 6332 6333 6334 6337 6339 634 6340 6344 6346 6347 6348 6349 635 6350 6351 6355 6356 6359 636 6360 6366 6367 637 6371 6374 6375 6376 6377 6378 6379 638 6380 6381 6383 6387 6388 6389 639 6391 6392 6393 6394 6395 6396 6397 6398 6399 64 640 6400 6406 6407 6408 6409 641 6410 6411 6412 6413 6414 6415 6416 6417 642 6421 6422 6423 6424 6426 6427 6428 6429 643 6430 6431 6432 6435 6436 6437 6439 644 6440 6441 6442 6443 6444 6445 6446 6447 6448 645 6450 6451 6452 6453 6454 6455 6456 6457 6458 6459 646 6460 6461 6462 6464 6466 6467 6468 6469 647 6470 6471 6472 6474 6475 6477 6478 6479 648 6480 6481 6483 6484 6485 6486 6487 6488 6489 649 6490 6491 6492 6493 6494 6495 6496 6497 6498 65 650 6500 6501 6502 6503 6504 6505 6506 6507 6508 6509 651 6510 6511 6513 6514 6515 6516 6517 6518 6519 652 6520 6521 6522 6523 6524 6525 6526 6527 6528 6529 653 6530 6532 6533 6534 6535 6536 6537 6538 6539 654 6541 6542 6543 6544 6545 6546 6547 6548 655 6550 6551 6552 6553 6554 6555 656 6560 6561 6563 6565 6566 6567 6568 657 6570 6571 6572 6573 6574 6575 6576 6577 6578 6579 658 6580 6581 6582 6583 6584 6585 6586 6587 6588 6589 659 6590 6592 6594 6595 6596 6598 6599 66 6600 6601 6602 6603 6604 6605 6606 6607 6608 6609 661 6611 6612 6613 6614 6615 6616 6617 6618 6619 662 6620 6621 6622 6623 6624 6625 6626 6627 6628 663 6630 6632 6633 6634 6635 6636 6638 6639 664 6641 6643 6644 6645 6646 6647 6648 6649 665 6650 6651 6652 6653 6654 6655 6656 6657 6658 666 6660 6661 6663 6665 6666 6668 667 6670 6671 6672 6673 6674 6675 6676 6677 6678 6679 668 6680 6681 6682 6683 6684 6685 6686 6687 6688 6689 669 6690 6691 6692 6695 6696 6697 6698 6699 67 670 6700 6701 6702 6703 6705 6706 6707 6709 6710 6711 6712 6713 6714 6715 6717 6718 6719 672 6720 6721 6723 6724 6725 6726 6727 6728 6729 673 6730 6731 6732 6734 6735 6736 6737 6738 6739 674 6744 6745 6746 6747 6749 675 6751 6752 6753 6755 6756 6757 6758 6759 676 6760 6761 6762 6764 6765 6766 6767 6768 6769 677 6770 6771 6772 6773 6774 6775 6776 6777 6778 6779 678 6780 6781 6782 6783 6784 6787 6788 6789 679 6790 6791 6793 6794 6795 6797 6798 68 6800 6801 6802 6803 6804 6805 6806 6807 6808 6809 681 6810 6811 6812 6813 6815 6816 6818 6819 682 6821 6822 6824 6826 6828 6829 683 6832 6833 6834 6835 6836 6837 684 6840 6841 6842 6843 6844 6845 6846 6847 6848 6850 6852 6854 6855 6856 6858 6859 686 6860 6861 6862 6863 6864 6865 6866 6867 6869 687 6870 6871 6873 6875 6876 6877 6878 688 6880 6881 6883 6884 6885 6886 6889 689 6890 6892 6895 6896 6897 6899 690 6900 6901 6902 6903 6904 6905 6906 6907 6908 6909 691 6910 6911 6912 6913 6914 6915 6916 6917 6918 692 6920 6921 6922 6923 6924 6926 6927 6928 6929 693 6930 6933 6934 6935 6936 6938 694 6940 6941 6942 6943 6945 6946 6947 6948 6949 695 6950 6951 6953 6954 6955 6958 6959 696 6960 6961 6962 6963 6965 6967 6968 6969 697 6971 6972 6974 6975 6976 6978 6979 698 6980 6981 6982 6983 6984 6985 6986 6987 699 6990 6991 6993 6994 6995 6996 6997 6998 6999 7 700 7000 7001 7002 7003 7004 7005 7006 7007 7008 7009 701 7010 7011 7012 7013 7014 7015 7016 7017 7018 7019 7020 7021 7022 7023 7024 7025 7026 7027 7028 7029 703 7030 7031 7032 7033 7034 7035 7036 7037 7038 704 7040 7041 7042 7043 7044 7045 7046 7047 7048 7049 705 7050 7051 7052 7053 7054 7055 7056 7057 7059 706 7060 7061 7062 7063 7064 7065 707 7070 7071 7072 7073 7074 7079 708 7080 7082 7084 7085 7086 7087 7088 7089 709 7090 7092 7094 7095 7096 7098 7099 71 710 7100 7101 7103 7104 7106 7107 7108 7109 711 7110 7111 7112 7113 7114 7115 7116 7117 7118 7119 712 7120 7121 7122 7123 7124 7125 7126 7127 7128 7129 713 7130 7131 7132 7133 7134 7135 7136 7137 7138 7139 714 7140 7142 7143 7144 7145 7146 7149 715 7150 7151 7153 7154 7155 7156 7157 7158 7159 716 7160 7161 7162 7163 7164 7165 7166 7167 7168 717 7170 7171 7172 7173 7174 7175 7176 7177 7178 7179 718 7180 7181 7183 7184 7185 7186 7187 7188 7189 719 7190 7191 7192 7193 7194 7195 7197 7198 7199 72 720 7201 7203 7204 7205 7206 721 7210 7211 7212 7214 7215 7217 7218 7219 722 7220 7221 7222 7223 7225 7226 7227 7228 7229 723 7230 7231 7232 7233 7234 7235 7236 7237 7238 7239 724 7240 7241 7243 7245 7246 725 7250 7251 7252 7253 7254 7255 7257 726 7260 7262 7265 7266 7267 7268 7269 727 7270 7271 7273 7276 7277 7278 7279 728 7280 7281 7282 7283 7284 7285 7286 7287 7289 729 7290 7291 7292 7293 7294 7295 7296 7297 7298 7299 73 730 7300 7301 7302 7304 7305 7306 7309 731 7310 7315 7316 7317 7318 7319 732 7320 7321 7323 7326 7327 7329 733 7330 7332 7333 7335 7336 7337 734 7341 7342 7343 7344 7345 7347 7348 7349 735 7350 7351 7352 7353 7354 7355 7357 7359 736 7360 7362 7363 7365 737 7371 7372 7373 7374 7376 7377 7378 7379 738 7380 7381 7382 7383 7386 7387 7389 739 7390 7391 7392 7393 7394 7397 74 7400 7401 7402 7403 7404 7405 7407 7409 741 7413 7414 7415 7416 7417 7418 7419 742 7420 7421 7422 7423 7424 7425 7426 7427 7428 7429 743 7430 7431 7434 7436 7439 744 7440 7441 7442 7443 7444 7445 7446 7447 7448 7449 745 7450 7451 7452 7453 7454 7455 7456 7457 7458 7459 746 7461 7462 7465 7466 7467 7468 7469 7470 7471 7472 7473 7474 7476 7477 7478 748 7480 7481 7482 7483 7484 7485 7486 7487 749 7490 7491 7492 7493 7494 7495 7497 7498 75 750 7501 7502 7503 7505 7506 7508 7509 751 7510 7511 7512 7513 7514 7515 7517 7518 752 7520 7522 7523 7524 7525 7527 7528 7529 753 7531 7533 7534 7535 7536 7537 7538 754 7540 7544 7545 7546 7549 755 7550 7553 7554 7557 756 7561 7563 7564 7565 7567 7569 7570 7571 7572 7574 7576 7577 7578 7579 758 7580 7581 7583 7585 7586 7587 7588 759 7590 7593 7594 7595 7597 7598 7599 76 760 7600 7601 7602 7604 7605 7608 7609 761 7610 7611 7613 7614 7615 7616 7617 7618 7619 762 7620 7623 7624 7625 7626 7629 763 7630 7632 7634 7636 7637 7638 7639 764 7642 7644 7645 7646 7647 7648 7649 765 7650 7651 7652 7653 7658 7659 766 7660 7661 7662 7663 7664 7665 7666 7668 7669 767 7670 7672 7673 7675 7676 7677 7678 7679 768 7682 7683 7684 7685 7686 7687 7688 769 7690 7691 7694 7695 7696 7697 7698 7699 77 770 7701 7703 7704 7705 7706 7707 7708 771 7715 7716 7717 7719 772 7720 7721 7724 7726 7727 7728 7729 773 7730 7732 7733 7734 7735 7736 7737 7738 774 7740 7741 7742 7743 7744 7745 7747 775 7750 7751 7752 7753 7754 7755 7756 7757 7758 7759 776 7760 7761 7762 7763 7765 7766 7767 7768 7769 7770 7771 7772 7773 7774 7775 7777 7778 7779 778 7780 7781 7782 7783 7788 7789 779 7790 7791 7792 7795 7796 7797 7799 78 780 7800 7801 7802 7803 7804 7805 7806 7808 7809 781 7810 7812 7813 7814 7815 7818 7819 782 7821 7822 7826 7827 7828 7829 783 7830 7831 7832 7833 7834 7835 7836 7837 7839 784 7840 7841 7842 7843 7844 7845 7848 7849 785 7850 7851 7852 7853 7854 7855 7856 7857 786 7860 7861 7862 7863 7864 7865 7866 7867 7868 7869 787 7870 7871 7873 7874 7875 7877 7878 7879 788 7881 7882 7883 7884 7885 7886 7887 7888 7889 789 7890 7891 7892 7893 7894 7899 79 7900 7901 7902 7903 7904 7905 7906 7907 7908 7909 791 7910 7911 7912 7913 7914 7915 7916 7919 792 7920 7921 7922 7923 7924 7925 7927 7928 7929 793 7930 7931 7932 7933 7934 7935 7937 7938 7939 794 7940 7941 7942 7944 7945 7946 7948 7949 795 7950 7952 7953 7954 7955 7956 7957 7959 796 7960 7961 7964 7965 7966 7967 7968 7969 797 7970 7972 7973 7974 7975 7976 7978 7979 798 7980 7981 7982 7985 7986 799 7991 7992 7993 7994 7995 7996 7998 7999 8 80 800 8000 8001 8002 8005 8006 8007 8009 801 8010 8011 8012 8013 8014 8015 8019 802 8020 8021 8023 8024 8025 8027 8028 803 8033 8035 8036 8037 8038 804 8040 8041 8042 8043 8044 8045 8046 8047 8048 8049 805 8050 8051 8052 8053 8054 8055 8056 8057 8058 806 8060 8061 8062 8063 8064 8065 8066 8068 8069 807 8070 8071 8072 8073 8074 8075 8076 8077 8079 808 8080 8081 8083 8084 8085 8086 8087 8088 8089 8090 8091 8092 8093 8094 8095 8096 8097 8098 8099 81 810 8100 8101 8102 8103 8104 8105 8106 8107 8108 8109 811 8110 8111 8112 8114 8115 8118 8119 812 8120 8121 8122 8124 8126 8128 813 8130 8131 8132 8133 8134 8135 8136 8137 8138 8139 814 8140 8141 8142 8144 8145 8146 8147 8148 8149 815 8150 8152 8153 8155 8156 8157 8158 8159 816 8161 8162 8163 8165 8166 8167 8168 8169 817 8170 8171 8172 8173 8174 8175 8177 8178 8179 818 8180 8181 8182 8183 8184 8186 8187 8189 819 8190 8192 8193 8194 8195 8196 8197 8198 8199 82 820 8202 8203 8204 8205 8206 8209 821 8211 8212 8213 8214 8215 8216 8219 822 8221 8222 8224 8225 8226 8227 8229 823 8231 8232 8233 8235 8236 8237 8238 824 8241 8242 8243 8244 8245 8246 8248 8249 825 8251 8252 8253 8254 8255 8256 826 8260 8261 8262 8263 8264 8265 8266 827 8270 8271 8272 8273 8274 8275 8276 8277 8282 8283 8284 8285 8286 8287 8288 8289 829 8290 8291 8292 8293 8294 8295 8296 8297 83 830 831 832 835 836 837 838 839 84 840 841 842 843 844 845 847 848 849 85 850 851 852 853 854 855 856 857 859 86 860 861 862 863 864 865 866 867 868 869 87 870 871 872 873 874 875 876 877 878 879 88 880 881 882 883 885 886 887 888 889 89 890 891 892 893 895 896 897 898 899 9 90 900 902 903 904 905 906 907 908 909 91 910 911 912 913 914 915 916 917 918 919 92 920 921 922 923 924 926 927 928 929 93 930 931 932 933 934 935 936 937 938 94 940 941 942 943 944 945 946 947 948 949 95 950 951 954 955 956 957 958 959 96 960 961 962 963 964 965 966 967 968 969 970 971 972 973 974 975 976 977 978 979 98 980 981 982 983 984 985 986 987 988 989 99 990 991 992 993 994 995 996 998 999","12.797","7115","C7587","false","C7587"
